-- phpMyAdmin SQL Dump
-- version 4.1.12
-- http://www.phpmyadmin.net
--
-- Host: ap-cdbr-azure-east-c.cloudapp.net
-- Generation Time: Sep 18, 2014 at 10:42 AM
-- Server version: 5.6.16
-- PHP Version: 5.5.11

SET SQL_MODE = "NO_AUTO_VALUE_ON_ZERO";
SET time_zone = "+08:00";


/*!40101 SET @OLD_CHARACTER_SET_CLIENT=@@CHARACTER_SET_CLIENT */;
/*!40101 SET @OLD_CHARACTER_SET_RESULTS=@@CHARACTER_SET_RESULTS */;
/*!40101 SET @OLD_COLLATION_CONNECTION=@@COLLATION_CONNECTION */;
/*!40101 SET NAMES utf8 */;

--
-- Database: `cdb_8633433445`
--

-- --------------------------------------------------------

--
-- Table structure for table `country_list`
--

CREATE TABLE IF NOT EXISTS `country_list` (
  `id` int(10) unsigned NOT NULL AUTO_INCREMENT,
  `name` varchar(255) COLLATE utf8_unicode_ci NOT NULL,
  `created_at` timestamp NOT NULL DEFAULT '0000-00-00 00:00:00',
  `updated_at` timestamp NOT NULL DEFAULT '0000-00-00 00:00:00',
  PRIMARY KEY (`id`)
) ENGINE=InnoDB  DEFAULT CHARSET=utf8 COLLATE=utf8_unicode_ci AUTO_INCREMENT=253 ;

--
-- Dumping data for table `country_list`
--

INSERT INTO `country_list` (`id`, `name`, `created_at`, `updated_at`) VALUES
(1, 'Afghanistan', '0000-00-00 00:00:00', '0000-00-00 00:00:00'),
(2, 'Albania', '0000-00-00 00:00:00', '0000-00-00 00:00:00'),
(3, 'Algeria', '0000-00-00 00:00:00', '0000-00-00 00:00:00'),
(4, 'American Samoa', '0000-00-00 00:00:00', '0000-00-00 00:00:00'),
(5, 'Andorra', '0000-00-00 00:00:00', '0000-00-00 00:00:00'),
(6, 'Angola', '0000-00-00 00:00:00', '0000-00-00 00:00:00'),
(7, 'Anguilla', '0000-00-00 00:00:00', '0000-00-00 00:00:00'),
(8, 'Antarctica', '0000-00-00 00:00:00', '0000-00-00 00:00:00'),
(9, 'Antigua and Barbuda', '0000-00-00 00:00:00', '0000-00-00 00:00:00'),
(10, 'Argentina', '0000-00-00 00:00:00', '0000-00-00 00:00:00'),
(11, 'Armenia', '0000-00-00 00:00:00', '0000-00-00 00:00:00'),
(13, 'Aruba', '0000-00-00 00:00:00', '0000-00-00 00:00:00'),
(14, 'Australia', '0000-00-00 00:00:00', '0000-00-00 00:00:00'),
(15, 'Austria', '0000-00-00 00:00:00', '0000-00-00 00:00:00'),
(16, 'Azerbaijan', '0000-00-00 00:00:00', '0000-00-00 00:00:00'),
(18, 'Bahamas', '0000-00-00 00:00:00', '0000-00-00 00:00:00'),
(19, 'Bahrain', '0000-00-00 00:00:00', '0000-00-00 00:00:00'),
(20, 'Bangladesh', '0000-00-00 00:00:00', '0000-00-00 00:00:00'),
(21, 'Barbados', '0000-00-00 00:00:00', '0000-00-00 00:00:00'),
(22, 'Belarus', '0000-00-00 00:00:00', '0000-00-00 00:00:00'),
(23, 'Belgium', '0000-00-00 00:00:00', '0000-00-00 00:00:00'),
(24, 'Belize', '0000-00-00 00:00:00', '0000-00-00 00:00:00'),
(25, 'Benin', '0000-00-00 00:00:00', '0000-00-00 00:00:00'),
(26, 'Bermuda', '0000-00-00 00:00:00', '0000-00-00 00:00:00'),
(27, 'Bhutan', '0000-00-00 00:00:00', '0000-00-00 00:00:00'),
(28, 'Bolivia', '0000-00-00 00:00:00', '0000-00-00 00:00:00'),
(29, 'Bosnia and Herzegovina', '0000-00-00 00:00:00', '0000-00-00 00:00:00'),
(30, 'Botswana', '0000-00-00 00:00:00', '0000-00-00 00:00:00'),
(31, 'Bouvet Island', '0000-00-00 00:00:00', '0000-00-00 00:00:00'),
(32, 'Brazil', '0000-00-00 00:00:00', '0000-00-00 00:00:00'),
(33, 'British Indian Ocean Territory', '0000-00-00 00:00:00', '0000-00-00 00:00:00'),
(34, 'Brunei Darussalam', '0000-00-00 00:00:00', '0000-00-00 00:00:00'),
(35, 'Bulgaria', '0000-00-00 00:00:00', '0000-00-00 00:00:00'),
(36, 'Burkina Faso', '0000-00-00 00:00:00', '0000-00-00 00:00:00'),
(37, 'Burundi', '0000-00-00 00:00:00', '0000-00-00 00:00:00'),
(38, 'Cambodia', '0000-00-00 00:00:00', '0000-00-00 00:00:00'),
(39, 'Cameroon', '0000-00-00 00:00:00', '0000-00-00 00:00:00'),
(40, 'Canada', '0000-00-00 00:00:00', '0000-00-00 00:00:00'),
(41, 'Cape Verde', '0000-00-00 00:00:00', '0000-00-00 00:00:00'),
(42, 'Cayman Islands', '0000-00-00 00:00:00', '0000-00-00 00:00:00'),
(43, 'Central African Republic', '0000-00-00 00:00:00', '0000-00-00 00:00:00'),
(44, 'Chad', '0000-00-00 00:00:00', '0000-00-00 00:00:00'),
(45, 'Chile', '0000-00-00 00:00:00', '0000-00-00 00:00:00'),
(46, 'China', '0000-00-00 00:00:00', '0000-00-00 00:00:00'),
(47, 'Christmas Island', '0000-00-00 00:00:00', '0000-00-00 00:00:00'),
(48, 'Cocos (Keeling) Islands', '0000-00-00 00:00:00', '0000-00-00 00:00:00'),
(49, 'Colombia', '0000-00-00 00:00:00', '0000-00-00 00:00:00'),
(50, 'Comoros', '0000-00-00 00:00:00', '0000-00-00 00:00:00'),
(51, 'Congo', '0000-00-00 00:00:00', '0000-00-00 00:00:00'),
(52, 'Congo, The Democratic Republic of The', '0000-00-00 00:00:00', '0000-00-00 00:00:00'),
(53, 'Cook Islands', '0000-00-00 00:00:00', '0000-00-00 00:00:00'),
(54, 'Costa Rica', '0000-00-00 00:00:00', '0000-00-00 00:00:00'),
(55, 'Cote D''ivoire', '0000-00-00 00:00:00', '0000-00-00 00:00:00'),
(56, 'Croatia', '0000-00-00 00:00:00', '0000-00-00 00:00:00'),
(57, 'Cuba', '0000-00-00 00:00:00', '0000-00-00 00:00:00'),
(58, 'Cyprus', '0000-00-00 00:00:00', '0000-00-00 00:00:00'),
(60, 'Czech Republic', '0000-00-00 00:00:00', '0000-00-00 00:00:00'),
(61, 'Denmark', '0000-00-00 00:00:00', '0000-00-00 00:00:00'),
(62, 'Djibouti', '0000-00-00 00:00:00', '0000-00-00 00:00:00'),
(63, 'Dominica', '0000-00-00 00:00:00', '0000-00-00 00:00:00'),
(64, 'Dominican Republic', '0000-00-00 00:00:00', '0000-00-00 00:00:00'),
(65, 'Easter Island', '0000-00-00 00:00:00', '0000-00-00 00:00:00'),
(66, 'Ecuador', '0000-00-00 00:00:00', '0000-00-00 00:00:00'),
(67, 'Egypt', '0000-00-00 00:00:00', '0000-00-00 00:00:00'),
(68, 'El Salvador', '0000-00-00 00:00:00', '0000-00-00 00:00:00'),
(69, 'Equatorial Guinea', '0000-00-00 00:00:00', '0000-00-00 00:00:00'),
(70, 'Eritrea', '0000-00-00 00:00:00', '0000-00-00 00:00:00'),
(71, 'Estonia', '0000-00-00 00:00:00', '0000-00-00 00:00:00'),
(72, 'Ethiopia', '0000-00-00 00:00:00', '0000-00-00 00:00:00'),
(73, 'Falkland Islands (Malvinas)', '0000-00-00 00:00:00', '0000-00-00 00:00:00'),
(74, 'Faroe Islands', '0000-00-00 00:00:00', '0000-00-00 00:00:00'),
(75, 'Fiji', '0000-00-00 00:00:00', '0000-00-00 00:00:00'),
(76, 'Finland', '0000-00-00 00:00:00', '0000-00-00 00:00:00'),
(77, 'France', '0000-00-00 00:00:00', '0000-00-00 00:00:00'),
(78, 'French Guiana', '0000-00-00 00:00:00', '0000-00-00 00:00:00'),
(79, 'French Polynesia', '0000-00-00 00:00:00', '0000-00-00 00:00:00'),
(80, 'French Southern Territories', '0000-00-00 00:00:00', '0000-00-00 00:00:00'),
(81, 'Gabon', '0000-00-00 00:00:00', '0000-00-00 00:00:00'),
(82, 'Gambia', '0000-00-00 00:00:00', '0000-00-00 00:00:00'),
(83, 'Georgia', '0000-00-00 00:00:00', '0000-00-00 00:00:00'),
(85, 'Germany', '0000-00-00 00:00:00', '0000-00-00 00:00:00'),
(86, 'Ghana', '0000-00-00 00:00:00', '0000-00-00 00:00:00'),
(87, 'Gibraltar', '0000-00-00 00:00:00', '0000-00-00 00:00:00'),
(88, 'Greece', '0000-00-00 00:00:00', '0000-00-00 00:00:00'),
(89, 'Greenland', '0000-00-00 00:00:00', '0000-00-00 00:00:00'),
(91, 'Grenada', '0000-00-00 00:00:00', '0000-00-00 00:00:00'),
(92, 'Guadeloupe', '0000-00-00 00:00:00', '0000-00-00 00:00:00'),
(93, 'Guam', '0000-00-00 00:00:00', '0000-00-00 00:00:00'),
(94, 'Guatemala', '0000-00-00 00:00:00', '0000-00-00 00:00:00'),
(95, 'Guinea', '0000-00-00 00:00:00', '0000-00-00 00:00:00'),
(96, 'Guinea-bissau', '0000-00-00 00:00:00', '0000-00-00 00:00:00'),
(97, 'Guyana', '0000-00-00 00:00:00', '0000-00-00 00:00:00'),
(98, 'Haiti', '0000-00-00 00:00:00', '0000-00-00 00:00:00'),
(99, 'Heard Island and Mcdonald Islands', '0000-00-00 00:00:00', '0000-00-00 00:00:00'),
(100, 'Honduras', '0000-00-00 00:00:00', '0000-00-00 00:00:00'),
(101, 'Hong Kong', '0000-00-00 00:00:00', '0000-00-00 00:00:00'),
(102, 'Hungary', '0000-00-00 00:00:00', '0000-00-00 00:00:00'),
(103, 'Iceland', '0000-00-00 00:00:00', '0000-00-00 00:00:00'),
(104, 'India', '0000-00-00 00:00:00', '0000-00-00 00:00:00'),
(105, 'Indonesia', '0000-00-00 00:00:00', '0000-00-00 00:00:00'),
(107, 'Iran', '0000-00-00 00:00:00', '0000-00-00 00:00:00'),
(108, 'Iraq', '0000-00-00 00:00:00', '0000-00-00 00:00:00'),
(109, 'Ireland', '0000-00-00 00:00:00', '0000-00-00 00:00:00'),
(110, 'Israel', '0000-00-00 00:00:00', '0000-00-00 00:00:00'),
(111, 'Italy', '0000-00-00 00:00:00', '0000-00-00 00:00:00'),
(112, 'Jamaica', '0000-00-00 00:00:00', '0000-00-00 00:00:00'),
(113, 'Japan', '0000-00-00 00:00:00', '0000-00-00 00:00:00'),
(114, 'Jordan', '0000-00-00 00:00:00', '0000-00-00 00:00:00'),
(115, 'Kazakhstan', '0000-00-00 00:00:00', '0000-00-00 00:00:00'),
(117, 'Kenya', '0000-00-00 00:00:00', '0000-00-00 00:00:00'),
(118, 'Kiribati', '0000-00-00 00:00:00', '0000-00-00 00:00:00'),
(119, 'Korea, North', '0000-00-00 00:00:00', '0000-00-00 00:00:00'),
(120, 'Korea, South', '0000-00-00 00:00:00', '0000-00-00 00:00:00'),
(121, 'Kosovo', '0000-00-00 00:00:00', '0000-00-00 00:00:00'),
(122, 'Kuwait', '0000-00-00 00:00:00', '0000-00-00 00:00:00'),
(123, 'Kyrgyzstan', '0000-00-00 00:00:00', '0000-00-00 00:00:00'),
(124, 'Laos', '0000-00-00 00:00:00', '0000-00-00 00:00:00'),
(125, 'Latvia', '0000-00-00 00:00:00', '0000-00-00 00:00:00'),
(126, 'Lebanon', '0000-00-00 00:00:00', '0000-00-00 00:00:00'),
(127, 'Lesotho', '0000-00-00 00:00:00', '0000-00-00 00:00:00'),
(128, 'Liberia', '0000-00-00 00:00:00', '0000-00-00 00:00:00'),
(129, 'Libyan Arab Jamahiriya', '0000-00-00 00:00:00', '0000-00-00 00:00:00'),
(130, 'Liechtenstein', '0000-00-00 00:00:00', '0000-00-00 00:00:00'),
(131, 'Lithuania', '0000-00-00 00:00:00', '0000-00-00 00:00:00'),
(132, 'Luxembourg', '0000-00-00 00:00:00', '0000-00-00 00:00:00'),
(133, 'Macau', '0000-00-00 00:00:00', '0000-00-00 00:00:00'),
(134, 'Macedonia', '0000-00-00 00:00:00', '0000-00-00 00:00:00'),
(135, 'Madagascar', '0000-00-00 00:00:00', '0000-00-00 00:00:00'),
(136, 'Malawi', '0000-00-00 00:00:00', '0000-00-00 00:00:00'),
(137, 'Malaysia', '0000-00-00 00:00:00', '0000-00-00 00:00:00'),
(138, 'Maldives', '0000-00-00 00:00:00', '0000-00-00 00:00:00'),
(139, 'Mali', '0000-00-00 00:00:00', '0000-00-00 00:00:00'),
(140, 'Malta', '0000-00-00 00:00:00', '0000-00-00 00:00:00'),
(141, 'Marshall Islands', '0000-00-00 00:00:00', '0000-00-00 00:00:00'),
(142, 'Martinique', '0000-00-00 00:00:00', '0000-00-00 00:00:00'),
(143, 'Mauritania', '0000-00-00 00:00:00', '0000-00-00 00:00:00'),
(144, 'Mauritius', '0000-00-00 00:00:00', '0000-00-00 00:00:00'),
(145, 'Mayotte', '0000-00-00 00:00:00', '0000-00-00 00:00:00'),
(146, 'Mexico', '0000-00-00 00:00:00', '0000-00-00 00:00:00'),
(147, 'Micronesia, Federated States of', '0000-00-00 00:00:00', '0000-00-00 00:00:00'),
(148, 'Moldova, Republic of', '0000-00-00 00:00:00', '0000-00-00 00:00:00'),
(149, 'Monaco', '0000-00-00 00:00:00', '0000-00-00 00:00:00'),
(150, 'Mongolia', '0000-00-00 00:00:00', '0000-00-00 00:00:00'),
(151, 'Montenegro', '0000-00-00 00:00:00', '0000-00-00 00:00:00'),
(152, 'Montserrat', '0000-00-00 00:00:00', '0000-00-00 00:00:00'),
(153, 'Morocco', '0000-00-00 00:00:00', '0000-00-00 00:00:00'),
(154, 'Mozambique', '0000-00-00 00:00:00', '0000-00-00 00:00:00'),
(155, 'Myanmar', '0000-00-00 00:00:00', '0000-00-00 00:00:00'),
(156, 'Namibia', '0000-00-00 00:00:00', '0000-00-00 00:00:00'),
(157, 'Nauru', '0000-00-00 00:00:00', '0000-00-00 00:00:00'),
(158, 'Nepal', '0000-00-00 00:00:00', '0000-00-00 00:00:00'),
(159, 'Netherlands', '0000-00-00 00:00:00', '0000-00-00 00:00:00'),
(160, 'Netherlands Antilles', '0000-00-00 00:00:00', '0000-00-00 00:00:00'),
(161, 'New Caledonia', '0000-00-00 00:00:00', '0000-00-00 00:00:00'),
(162, 'New Zealand', '0000-00-00 00:00:00', '0000-00-00 00:00:00'),
(163, 'Nicaragua', '0000-00-00 00:00:00', '0000-00-00 00:00:00'),
(164, 'Niger', '0000-00-00 00:00:00', '0000-00-00 00:00:00'),
(165, 'Nigeria', '0000-00-00 00:00:00', '0000-00-00 00:00:00'),
(166, 'Niue', '0000-00-00 00:00:00', '0000-00-00 00:00:00'),
(167, 'Norfolk Island', '0000-00-00 00:00:00', '0000-00-00 00:00:00'),
(168, 'Northern Mariana Islands', '0000-00-00 00:00:00', '0000-00-00 00:00:00'),
(169, 'Norway', '0000-00-00 00:00:00', '0000-00-00 00:00:00'),
(170, 'Oman', '0000-00-00 00:00:00', '0000-00-00 00:00:00'),
(171, 'Pakistan', '0000-00-00 00:00:00', '0000-00-00 00:00:00'),
(172, 'Palau', '0000-00-00 00:00:00', '0000-00-00 00:00:00'),
(173, 'Palestinian Territory', '0000-00-00 00:00:00', '0000-00-00 00:00:00'),
(174, 'Panama', '0000-00-00 00:00:00', '0000-00-00 00:00:00'),
(175, 'Papua New Guinea', '0000-00-00 00:00:00', '0000-00-00 00:00:00'),
(176, 'Paraguay', '0000-00-00 00:00:00', '0000-00-00 00:00:00'),
(177, 'Peru', '0000-00-00 00:00:00', '0000-00-00 00:00:00'),
(178, 'Philippines', '0000-00-00 00:00:00', '0000-00-00 00:00:00'),
(179, 'Pitcairn', '0000-00-00 00:00:00', '0000-00-00 00:00:00'),
(180, 'Poland', '0000-00-00 00:00:00', '0000-00-00 00:00:00'),
(181, 'Portugal', '0000-00-00 00:00:00', '0000-00-00 00:00:00'),
(182, 'Puerto Rico', '0000-00-00 00:00:00', '0000-00-00 00:00:00'),
(183, 'Qatar', '0000-00-00 00:00:00', '0000-00-00 00:00:00'),
(184, 'Reunion', '0000-00-00 00:00:00', '0000-00-00 00:00:00'),
(185, 'Romania', '0000-00-00 00:00:00', '0000-00-00 00:00:00'),
(186, 'Russia', '0000-00-00 00:00:00', '0000-00-00 00:00:00'),
(188, 'Rwanda', '0000-00-00 00:00:00', '0000-00-00 00:00:00'),
(189, 'Saint Helena', '0000-00-00 00:00:00', '0000-00-00 00:00:00'),
(190, 'Saint Kitts and Nevis', '0000-00-00 00:00:00', '0000-00-00 00:00:00'),
(191, 'Saint Lucia', '0000-00-00 00:00:00', '0000-00-00 00:00:00'),
(192, 'Saint Pierre and Miquelon', '0000-00-00 00:00:00', '0000-00-00 00:00:00'),
(193, 'Saint Vincent and The Grenadines', '0000-00-00 00:00:00', '0000-00-00 00:00:00'),
(194, 'Samoa', '0000-00-00 00:00:00', '0000-00-00 00:00:00'),
(195, 'San Marino', '0000-00-00 00:00:00', '0000-00-00 00:00:00'),
(196, 'Sao Tome and Principe', '0000-00-00 00:00:00', '0000-00-00 00:00:00'),
(197, 'Saudi Arabia', '0000-00-00 00:00:00', '0000-00-00 00:00:00'),
(198, 'Senegal', '0000-00-00 00:00:00', '0000-00-00 00:00:00'),
(199, 'Serbia and Montenegro', '0000-00-00 00:00:00', '0000-00-00 00:00:00'),
(200, 'Seychelles', '0000-00-00 00:00:00', '0000-00-00 00:00:00'),
(201, 'Sierra Leone', '0000-00-00 00:00:00', '0000-00-00 00:00:00'),
(202, 'Singapore', '0000-00-00 00:00:00', '0000-00-00 00:00:00'),
(203, 'Slovakia', '0000-00-00 00:00:00', '0000-00-00 00:00:00'),
(204, 'Slovenia', '0000-00-00 00:00:00', '0000-00-00 00:00:00'),
(205, 'Solomon Islands', '0000-00-00 00:00:00', '0000-00-00 00:00:00'),
(206, 'Somalia', '0000-00-00 00:00:00', '0000-00-00 00:00:00'),
(207, 'South Africa', '0000-00-00 00:00:00', '0000-00-00 00:00:00'),
(208, 'South Georgia and The South Sandwich Islands', '0000-00-00 00:00:00', '0000-00-00 00:00:00'),
(209, 'Spain', '0000-00-00 00:00:00', '0000-00-00 00:00:00'),
(210, 'Sri Lanka', '0000-00-00 00:00:00', '0000-00-00 00:00:00'),
(211, 'Sudan', '0000-00-00 00:00:00', '0000-00-00 00:00:00'),
(212, 'Suriname', '0000-00-00 00:00:00', '0000-00-00 00:00:00'),
(213, 'Svalbard and Jan Mayen', '0000-00-00 00:00:00', '0000-00-00 00:00:00'),
(214, 'Swaziland', '0000-00-00 00:00:00', '0000-00-00 00:00:00'),
(215, 'Sweden', '0000-00-00 00:00:00', '0000-00-00 00:00:00'),
(216, 'Switzerland', '0000-00-00 00:00:00', '0000-00-00 00:00:00'),
(217, 'Syria', '0000-00-00 00:00:00', '0000-00-00 00:00:00'),
(218, 'Taiwan', '0000-00-00 00:00:00', '0000-00-00 00:00:00'),
(219, 'Tajikistan', '0000-00-00 00:00:00', '0000-00-00 00:00:00'),
(220, 'Tanzania, United Republic of', '0000-00-00 00:00:00', '0000-00-00 00:00:00'),
(221, 'Thailand', '0000-00-00 00:00:00', '0000-00-00 00:00:00'),
(222, 'Timor-leste', '0000-00-00 00:00:00', '0000-00-00 00:00:00'),
(223, 'Togo', '0000-00-00 00:00:00', '0000-00-00 00:00:00'),
(224, 'Tokelau', '0000-00-00 00:00:00', '0000-00-00 00:00:00'),
(225, 'Tonga', '0000-00-00 00:00:00', '0000-00-00 00:00:00'),
(226, 'Trinidad and Tobago', '0000-00-00 00:00:00', '0000-00-00 00:00:00'),
(227, 'Tunisia', '0000-00-00 00:00:00', '0000-00-00 00:00:00'),
(228, 'Turkey', '0000-00-00 00:00:00', '0000-00-00 00:00:00'),
(230, 'Turkmenistan', '0000-00-00 00:00:00', '0000-00-00 00:00:00'),
(231, 'Turks and Caicos Islands', '0000-00-00 00:00:00', '0000-00-00 00:00:00'),
(232, 'Tuvalu', '0000-00-00 00:00:00', '0000-00-00 00:00:00'),
(233, 'Uganda', '0000-00-00 00:00:00', '0000-00-00 00:00:00'),
(234, 'Ukraine', '0000-00-00 00:00:00', '0000-00-00 00:00:00'),
(235, 'United Arab Emirates', '0000-00-00 00:00:00', '0000-00-00 00:00:00'),
(236, 'United Kingdom', '0000-00-00 00:00:00', '0000-00-00 00:00:00'),
(237, 'United States', '0000-00-00 00:00:00', '0000-00-00 00:00:00'),
(238, 'United States Minor Outlying Islands', '0000-00-00 00:00:00', '0000-00-00 00:00:00'),
(239, 'Uruguay', '0000-00-00 00:00:00', '0000-00-00 00:00:00'),
(240, 'Uzbekistan', '0000-00-00 00:00:00', '0000-00-00 00:00:00'),
(241, 'Vanuatu', '0000-00-00 00:00:00', '0000-00-00 00:00:00'),
(242, 'Vatican City', '0000-00-00 00:00:00', '0000-00-00 00:00:00'),
(243, 'Venezuela', '0000-00-00 00:00:00', '0000-00-00 00:00:00'),
(244, 'Vietnam', '0000-00-00 00:00:00', '0000-00-00 00:00:00'),
(245, 'Virgin Islands, British', '0000-00-00 00:00:00', '0000-00-00 00:00:00'),
(246, 'Virgin Islands, U.S.', '0000-00-00 00:00:00', '0000-00-00 00:00:00'),
(247, 'Wallis and Futuna', '0000-00-00 00:00:00', '0000-00-00 00:00:00'),
(248, 'Western Sahara', '0000-00-00 00:00:00', '0000-00-00 00:00:00'),
(249, 'Yemen', '0000-00-00 00:00:00', '0000-00-00 00:00:00'),
(251, 'Zambia', '0000-00-00 00:00:00', '0000-00-00 00:00:00'),
(252, 'Zimbabwe', '0000-00-00 00:00:00', '0000-00-00 00:00:00');

-- --------------------------------------------------------

--
-- Table structure for table `favourites`
--

CREATE TABLE IF NOT EXISTS `favourites` (
  `id` int(10) unsigned NOT NULL AUTO_INCREMENT,
  `id_user` int(11) NOT NULL,
  `id_favourite` int(11) NOT NULL,
  `created_at` timestamp NOT NULL DEFAULT '0000-00-00 00:00:00',
  `updated_at` timestamp NOT NULL DEFAULT '0000-00-00 00:00:00',
  PRIMARY KEY (`id`)
) ENGINE=InnoDB  DEFAULT CHARSET=utf8 COLLATE=utf8_unicode_ci AUTO_INCREMENT=762 ;

--
-- Dumping data for table `favourites`
--

INSERT INTO `favourites` (`id`, `id_user`, `id_favourite`, `created_at`, `updated_at`) VALUES
(4, 3, 1, '2014-05-28 23:25:21', '2014-05-28 23:25:21'),
(5, 1, 4, '2014-05-28 23:25:21', '2014-05-28 23:25:21'),
(7, 1, 5, '2014-05-28 23:25:21', '2014-05-28 23:25:21'),
(8, 5, 1, '2014-05-28 23:25:21', '2014-05-28 23:25:21'),
(10, 3, 2, '2014-05-28 23:25:21', '2014-05-28 23:25:21'),
(12, 4, 2, '2014-05-28 23:25:21', '2014-05-28 23:25:21'),
(13, 2, 5, '2014-05-28 23:25:21', '2014-05-28 23:25:21'),
(14, 5, 2, '2014-05-28 23:25:21', '2014-05-28 23:25:21'),
(15, 3, 4, '2014-05-28 23:25:21', '2014-05-28 23:25:21'),
(16, 4, 3, '2014-05-28 23:25:21', '2014-05-28 23:25:21'),
(17, 3, 5, '2014-05-28 23:25:21', '2014-05-28 23:25:21'),
(18, 5, 3, '2014-05-28 23:25:21', '2014-05-28 23:25:21'),
(19, 4, 5, '2014-05-28 23:25:21', '2014-05-28 23:25:21'),
(20, 5, 4, '2014-05-28 23:25:21', '2014-05-28 23:25:21'),
(25, 8, 9, '2014-05-28 23:31:26', '2014-05-28 23:31:26'),
(26, 2, 6, '2014-05-29 00:12:53', '2014-05-29 00:12:53'),
(31, 9, 1, '2014-05-29 11:27:06', '2014-05-29 11:27:06'),
(41, 9, 11, '2014-05-30 06:40:26', '2014-05-30 06:40:26'),
(71, 9, 31, '2014-05-30 06:41:07', '2014-05-30 06:41:07'),
(81, 9, 71, '2014-05-30 06:41:20', '2014-05-30 06:41:20'),
(91, 9, 81, '2014-05-30 06:41:46', '2014-05-30 06:41:46'),
(151, 121, 111, '2014-05-30 08:47:40', '2014-05-30 08:47:40'),
(171, 1, 9, '2014-06-01 17:03:21', '2014-06-01 17:03:21'),
(191, 7, 9, '2014-06-01 18:32:41', '2014-06-01 18:32:41'),
(201, 111, 9, '2014-06-01 18:57:13', '2014-06-01 18:57:13'),
(211, 151, 121, '2014-06-02 01:45:14', '2014-06-02 01:45:14'),
(221, 151, 131, '2014-06-02 01:45:59', '2014-06-02 01:45:59'),
(231, 151, 61, '2014-06-02 01:46:52', '2014-06-02 01:46:52'),
(241, 171, 91, '2014-06-02 02:01:50', '2014-06-02 02:01:50'),
(251, 151, 171, '2014-06-02 02:06:49', '2014-06-02 02:06:49'),
(261, 2, 7, '2014-06-02 08:00:41', '2014-06-02 08:00:41'),
(281, 2, 31, '2014-06-03 17:36:50', '2014-06-03 17:36:50'),
(291, 1, 11, '2014-06-04 01:05:24', '2014-06-04 01:05:24'),
(301, 2, 3, '2014-06-04 13:16:44', '2014-06-04 13:16:44'),
(321, 2, 181, '2014-06-04 17:32:12', '2014-06-04 17:32:12'),
(331, 4, 181, '2014-06-04 17:53:06', '2014-06-04 17:53:06'),
(341, 181, 1, '2014-06-04 17:55:20', '2014-06-04 17:55:20'),
(381, 1, 2, '2014-06-05 17:09:48', '2014-06-05 17:09:48'),
(391, 1, 71, '2014-06-05 17:14:28', '2014-06-05 17:14:28'),
(411, 9, 2, '2014-06-05 18:27:45', '2014-06-05 18:27:45'),
(451, 9, 5, '2014-06-06 15:16:32', '2014-06-06 15:16:32'),
(461, 231, 3, '2014-06-06 16:07:06', '2014-06-06 16:07:06'),
(471, 231, 9, '2014-06-06 16:09:05', '2014-06-06 16:09:05'),
(481, 231, 181, '2014-06-06 16:11:30', '2014-06-06 16:11:30'),
(491, 1, 231, '2014-06-06 16:56:19', '2014-06-06 16:56:19'),
(501, 231, 1, '2014-06-06 17:23:31', '2014-06-06 17:23:31'),
(521, 2, 1, '2014-06-09 15:59:41', '2014-06-09 15:59:41'),
(531, 231, 31, '2014-06-09 17:09:56', '2014-06-09 17:09:56'),
(541, 231, 71, '2014-06-09 17:10:40', '2014-06-09 17:10:40'),
(551, 241, 9, '2014-06-09 18:37:23', '2014-06-09 18:37:23'),
(561, 251, 9, '2014-06-10 16:14:04', '2014-06-10 16:14:04'),
(571, 251, 181, '2014-06-10 16:14:05', '2014-06-10 16:14:05'),
(581, 251, 191, '2014-06-10 16:14:07', '2014-06-10 16:14:07'),
(591, 21, 231, '2014-06-10 16:32:20', '2014-06-10 16:32:20'),
(601, 111, 2, '2014-06-10 16:56:04', '2014-06-10 16:56:04'),
(611, 11, 21, '2014-06-13 14:59:59', '2014-06-13 14:59:59'),
(621, 11, 31, '2014-06-13 15:00:19', '2014-06-13 15:00:19'),
(631, 2, 9, '2014-06-16 14:30:47', '2014-06-16 14:30:47'),
(641, 231, 21, '2014-06-17 16:29:42', '2014-06-17 16:29:42'),
(651, 2, 231, '2014-06-17 16:33:17', '2014-06-17 16:33:17'),
(661, 9, 251, '2014-06-19 16:42:09', '2014-06-19 16:42:09'),
(671, 9, 21, '2014-06-19 16:42:40', '2014-06-19 16:42:40'),
(681, 9, 261, '2014-06-19 16:42:45', '2014-06-19 16:42:45'),
(691, 1, 31, '2014-06-20 17:05:36', '2014-06-20 17:05:36'),
(701, 1, 81, '2014-06-20 17:07:05', '2014-06-20 17:07:05'),
(721, 1, 181, '2014-06-20 17:10:27', '2014-06-20 17:10:27'),
(751, 361, 1, '2014-06-24 12:24:01', '2014-06-24 12:24:01'),
(761, 361, 9, '2014-06-24 12:24:34', '2014-06-24 12:24:34');

-- --------------------------------------------------------

--
-- Table structure for table `group_messages`
--

CREATE TABLE IF NOT EXISTS `group_messages` (
  `id` int(10) unsigned NOT NULL AUTO_INCREMENT,
  `id_creator` int(11) NOT NULL,
  `id_admin` int(11) NOT NULL,
  `name` varchar(255) COLLATE utf8_unicode_ci NOT NULL,
  `date` datetime NOT NULL,
  `created_at` timestamp NOT NULL DEFAULT '0000-00-00 00:00:00',
  `updated_at` timestamp NOT NULL DEFAULT '0000-00-00 00:00:00',
  PRIMARY KEY (`id`)
) ENGINE=InnoDB  DEFAULT CHARSET=utf8 COLLATE=utf8_unicode_ci AUTO_INCREMENT=92 ;

--
-- Dumping data for table `group_messages`
--

INSERT INTO `group_messages` (`id`, `id_creator`, `id_admin`, `name`, `date`, `created_at`, `updated_at`) VALUES
(1, 9, 9, 'Wayne Enterprises', '2014-06-16 02:30:48', '2014-06-16 02:30:48', '2014-06-16 12:28:22'),
(2, 9, 9, 'test', '2014-06-16 02:55:14', '2014-06-16 02:55:14', '2014-06-16 02:55:14'),
(11, 9, 9, 'Second Group', '2014-06-16 02:53:41', '2014-06-16 02:53:41', '2014-06-16 02:53:41'),
(21, 9, 9, 'Third Group', '2014-06-16 02:55:12', '2014-06-16 02:55:12', '2014-06-16 02:55:12'),
(31, 9, 9, 'Fourth Group', '2014-06-16 02:59:08', '2014-06-16 02:59:08', '2014-06-16 02:59:08'),
(41, 2, 2, 'super awesome', '2014-06-16 10:09:42', '2014-06-16 10:09:42', '2014-06-16 10:09:42'),
(51, 1, 1, 'Wayne Enterprises', '2014-06-16 10:40:14', '2014-06-16 10:40:14', '2014-06-16 12:31:19'),
(61, 181, 181, 'Project Catapult', '2014-06-17 13:17:24', '2014-06-17 13:17:24', '2014-06-17 13:17:24'),
(71, 231, 231, 'Awesome', '2014-06-17 16:32:41', '2014-06-17 16:32:41', '2014-06-17 16:32:41'),
(81, 9, 9, 'Request and Bug Report', '2014-06-19 16:00:25', '2014-06-19 16:00:25', '2014-06-19 16:00:25'),
(91, 1, 1, 'Now we''re using token', '2014-06-23 16:48:27', '2014-06-23 16:48:27', '2014-06-23 16:48:27');

-- --------------------------------------------------------

--
-- Table structure for table `group_messages_content`
--

CREATE TABLE IF NOT EXISTS `group_messages_content` (
  `id` int(10) unsigned NOT NULL AUTO_INCREMENT,
  `id_group_messages` int(11) NOT NULL,
  `id_user` int(11) NOT NULL,
  `message` text COLLATE utf8_unicode_ci NOT NULL,
  `date` datetime NOT NULL,
  `created_at` timestamp NOT NULL DEFAULT '0000-00-00 00:00:00',
  `updated_at` timestamp NOT NULL DEFAULT '0000-00-00 00:00:00',
  PRIMARY KEY (`id`)
) ENGINE=InnoDB  DEFAULT CHARSET=utf8 COLLATE=utf8_unicode_ci AUTO_INCREMENT=352 ;

--
-- Dumping data for table `group_messages_content`
--

INSERT INTO `group_messages_content` (`id`, `id_group_messages`, `id_user`, `message`, `date`, `created_at`, `updated_at`) VALUES
(1, 1, 9, 'test', '2014-06-16 03:39:27', '2014-06-16 03:39:27', '2014-06-16 03:39:27'),
(11, 11, 9, 'holla', '2014-06-16 03:46:16', '2014-06-16 03:46:16', '2014-06-16 03:46:16'),
(21, 11, 1, 'aloha', '2014-06-16 03:48:35', '2014-06-16 03:48:35', '2014-06-16 03:48:35'),
(31, 11, 9, 'mahalo', '2014-06-16 03:48:25', '2014-06-16 03:48:25', '2014-06-16 03:48:25'),
(41, 11, 1, 'invite all please', '2014-06-16 03:48:49', '2014-06-16 03:48:49', '2014-06-16 03:48:49'),
(42, 11, 9, 'you do it', '2014-06-16 03:49:04', '2014-06-16 03:49:04', '2014-06-16 03:49:04'),
(61, 11, 1, 'i''m not in a good mood', '2014-06-16 03:50:19', '2014-06-16 03:50:19', '2014-06-16 03:50:19'),
(71, 11, 9, 'really?', '2014-06-16 03:50:41', '2014-06-16 03:50:41', '2014-06-16 03:50:41'),
(81, 51, 1, 'Hi all, i''m the admin of this group', '2014-06-16 13:44:19', '2014-06-16 13:44:19', '2014-06-16 13:44:19'),
(91, 51, 2, 'hello admin, what do you want from us?', '2014-06-16 13:44:11', '2014-06-16 13:44:11', '2014-06-16 13:44:11'),
(101, 51, 3, 'yes, my first group! ', '2014-06-16 13:45:43', '2014-06-16 13:45:43', '2014-06-16 13:45:43'),
(111, 51, 1, 'listen, i have something secret for all of you to know', '2014-06-16 13:46:20', '2014-06-16 13:46:20', '2014-06-16 13:46:20'),
(121, 51, 3, 'really? what is it?', '2014-06-16 13:46:11', '2014-06-16 13:46:11', '2014-06-16 13:46:11'),
(131, 51, 1, 'I''m the batman', '2014-06-16 13:46:55', '2014-06-16 13:46:55', '2014-06-16 13:46:55'),
(141, 51, 3, 'yeah right', '2014-06-16 13:47:10', '2014-06-16 13:47:10', '2014-06-16 13:47:10'),
(151, 51, 1, 'but i''m not joking', '2014-06-16 13:47:23', '2014-06-16 13:47:23', '2014-06-16 13:47:23'),
(161, 71, 231, 'test', '2014-06-17 16:35:26', '2014-06-17 16:35:26', '2014-06-17 16:35:26'),
(171, 71, 231, 'test', '2014-06-17 16:35:26', '2014-06-17 16:35:26', '2014-06-17 16:35:26'),
(181, 71, 2, 'kenapa mas', '2014-06-17 16:35:58', '2014-06-17 16:35:58', '2014-06-17 16:35:58'),
(191, 71, 231, 'hola', '2014-06-17 16:35:44', '2014-06-17 16:35:44', '2014-06-17 16:35:44'),
(201, 71, 2, 'hi beib', '2014-06-17 16:36:15', '2014-06-17 16:36:15', '2014-06-17 16:36:15'),
(211, 51, 1, 'okay, let''s start the meeting', '2014-06-18 15:00:39', '2014-06-18 15:00:39', '2014-06-18 15:00:39'),
(221, 51, 2, 'sorry I''m late.', '2014-06-18 16:01:42', '2014-06-18 16:01:42', '2014-06-18 16:01:42'),
(231, 51, 1, 'Hi all.. are you guys ready?', '2014-06-18 20:47:07', '2014-06-18 20:47:07', '2014-06-18 20:47:07'),
(241, 51, 1, 'hello?', '2014-06-18 20:47:44', '2014-06-18 20:47:44', '2014-06-18 20:47:44'),
(251, 51, 1, 'come on guys', '2014-06-18 20:49:42', '2014-06-18 20:49:42', '2014-06-18 20:49:42'),
(261, 51, 1, 'we now have group notification.. yay', '2014-06-19 13:05:27', '2014-06-19 13:05:27', '2014-06-19 13:05:27'),
(271, 51, 1, 'again..', '2014-06-19 15:55:18', '2014-06-19 15:55:18', '2014-06-19 15:55:18'),
(281, 81, 9, 'welcome guys.. you can report bugs and request for new features in this group. thank you very much', '2014-06-19 16:05:42', '2014-06-19 16:05:42', '2014-06-19 16:05:42'),
(291, 51, 2, 'sorry i''m late', '2014-06-19 16:09:17', '2014-06-19 16:09:17', '2014-06-19 16:09:17'),
(301, 51, 2, 'howdy', '2014-06-19 16:22:44', '2014-06-19 16:22:44', '2014-06-19 16:22:44'),
(311, 51, 2, 'hello', '2014-06-19 16:25:06', '2014-06-19 16:25:06', '2014-06-19 16:25:06'),
(321, 51, 2, 'hello', '2014-06-19 16:29:16', '2014-06-19 16:29:16', '2014-06-19 16:29:16'),
(331, 51, 2, 'mahalo', '2014-06-19 16:31:57', '2014-06-19 16:31:57', '2014-06-19 16:31:57'),
(341, 51, 2, 'fourth', '2014-06-19 16:32:26', '2014-06-19 16:32:26', '2014-06-19 16:32:26'),
(351, 51, 1, 'stop it clark', '2014-06-19 16:34:04', '2014-06-19 16:34:04', '2014-06-19 16:34:04');

-- --------------------------------------------------------

--
-- Table structure for table `group_messages_member`
--

CREATE TABLE IF NOT EXISTS `group_messages_member` (
  `id` int(10) unsigned NOT NULL AUTO_INCREMENT,
  `id_group_messages` int(11) NOT NULL,
  `id_user` int(11) NOT NULL,
  `created_at` timestamp NOT NULL DEFAULT '0000-00-00 00:00:00',
  `updated_at` timestamp NOT NULL DEFAULT '0000-00-00 00:00:00',
  PRIMARY KEY (`id`)
) ENGINE=InnoDB  DEFAULT CHARSET=utf8 COLLATE=utf8_unicode_ci AUTO_INCREMENT=322 ;

--
-- Dumping data for table `group_messages_member`
--

INSERT INTO `group_messages_member` (`id`, `id_group_messages`, `id_user`, `created_at`, `updated_at`) VALUES
(1, 11, 9, '2014-06-16 02:53:54', '2014-06-16 02:53:54'),
(2, 2, 9, '2014-06-16 02:55:24', '2014-06-16 02:55:24'),
(11, 21, 9, '2014-06-16 02:55:21', '2014-06-16 02:55:21'),
(21, 31, 9, '2014-06-16 02:59:19', '2014-06-16 02:59:19'),
(31, 11, 1, '2014-06-16 02:59:22', '2014-06-16 02:59:22'),
(41, 41, 2, '2014-06-16 10:10:02', '2014-06-16 10:10:02'),
(51, 51, 1, '2014-06-16 10:40:35', '2014-06-16 10:40:35'),
(81, 51, 3, '2014-06-16 13:28:37', '2014-06-16 13:28:37'),
(91, 61, 181, '2014-06-17 13:17:55', '2014-06-17 13:17:55'),
(101, 61, 11, '2014-06-17 13:18:41', '2014-06-17 13:18:41'),
(111, 61, 21, '2014-06-17 13:19:32', '2014-06-17 13:19:32'),
(121, 61, 231, '2014-06-17 13:19:54', '2014-06-17 13:19:54'),
(131, 61, 251, '2014-06-17 13:20:18', '2014-06-17 13:20:18'),
(141, 71, 231, '2014-06-17 16:32:50', '2014-06-17 16:32:50'),
(151, 71, 21, '2014-06-17 16:33:33', '2014-06-17 16:33:33'),
(161, 71, 11, '2014-06-17 16:34:09', '2014-06-17 16:34:09'),
(171, 71, 201, '2014-06-17 16:34:36', '2014-06-17 16:34:36'),
(181, 71, 2, '2014-06-17 16:35:16', '2014-06-17 16:35:16'),
(201, 51, 5, '2014-06-18 14:50:39', '2014-06-18 14:50:39'),
(211, 51, 9, '2014-06-18 14:54:36', '2014-06-18 14:54:36'),
(221, 51, 4, '2014-06-18 14:55:50', '2014-06-18 14:55:50'),
(231, 51, 6, '2014-06-18 20:55:23', '2014-06-18 20:55:23'),
(241, 51, 2, '2014-06-19 13:04:58', '2014-06-19 13:04:58'),
(251, 81, 9, '2014-06-19 16:00:51', '2014-06-19 16:00:51'),
(261, 81, 231, '2014-06-19 16:03:30', '2014-06-19 16:03:30'),
(271, 81, 11, '2014-06-19 16:03:54', '2014-06-19 16:03:54'),
(281, 81, 21, '2014-06-19 16:04:17', '2014-06-19 16:04:17'),
(291, 81, 261, '2014-06-19 16:04:39', '2014-06-19 16:04:39'),
(301, 81, 251, '2014-06-19 16:05:02', '2014-06-19 16:05:02'),
(311, 81, 131, '2014-06-19 16:05:29', '2014-06-19 16:05:29'),
(321, 91, 1, '2014-06-23 16:48:48', '2014-06-23 16:48:48');

-- --------------------------------------------------------

--
-- Table structure for table `messages`
--

CREATE TABLE IF NOT EXISTS `messages` (
  `id` int(10) unsigned NOT NULL AUTO_INCREMENT,
  `id_user_from` int(11) NOT NULL,
  `id_user_to` int(11) NOT NULL,
  `date` datetime NOT NULL,
  `message` text COLLATE utf8_unicode_ci NOT NULL,
  `isread` tinyint(1) NOT NULL,
  `created_at` timestamp NOT NULL DEFAULT '0000-00-00 00:00:00',
  `updated_at` timestamp NOT NULL DEFAULT '0000-00-00 00:00:00',
  PRIMARY KEY (`id`)
) ENGINE=InnoDB  DEFAULT CHARSET=utf8 COLLATE=utf8_unicode_ci AUTO_INCREMENT=1762 ;

--
-- Dumping data for table `messages`
--

INSERT INTO `messages` (`id`, `id_user_from`, `id_user_to`, `date`, `message`, `isread`, `created_at`, `updated_at`) VALUES
(20, 1, 3, '2014-01-01 00:00:00', 'hi', 0, '2014-05-28 23:25:22', '2014-05-28 23:25:22'),
(21, 9, 8, '2014-05-29 07:29:18', 'hi lex, i am Akbar.', 0, '2014-05-28 23:29:18', '2014-05-28 23:29:18'),
(22, 8, 9, '2014-05-29 07:29:58', 'hi akbar, i dont care', 0, '2014-05-28 23:29:58', '2014-05-28 23:29:58'),
(23, 1, 2, '2014-05-29 08:22:39', 'hi clark', 0, '2014-05-29 00:22:39', '2014-05-29 00:22:39'),
(24, 2, 1, '2014-05-29 08:25:03', 'hi bruce', 0, '2014-05-29 00:25:03', '2014-05-29 00:25:03'),
(25, 1, 2, '2014-05-29 08:25:12', 'how rachel?', 0, '2014-05-29 00:25:12', '2014-05-29 00:25:12'),
(26, 2, 1, '2014-05-29 08:25:20', 'not good dude', 0, '2014-05-29 00:25:20', '2014-05-29 00:25:20'),
(27, 2, 1, '2014-05-29 08:25:25', 'you know what.. she died in the previous movie.. by joker, in case if you didn''t watch', 0, '2014-05-29 00:25:25', '2014-05-29 00:25:25'),
(28, 1, 2, '2014-05-29 08:25:59', 'i''m sorry dude', 0, '2014-05-29 00:25:59', '2014-05-29 00:25:59'),
(31, 9, 8, '2014-05-29 11:15:23', 'hi', 0, '2014-05-29 11:15:23', '2014-05-29 11:15:23'),
(41, 9, 8, '2014-05-29 11:25:14', 'why are you so mean?', 0, '2014-05-29 11:25:14', '2014-05-29 11:25:14'),
(51, 121, 111, '2014-05-30 08:47:58', 'hi jim', 0, '2014-05-30 08:47:58', '2014-05-30 08:47:58'),
(61, 111, 121, '2014-05-30 08:48:51', 'hi dave. what''s up', 0, '2014-05-30 08:48:51', '2014-05-30 08:48:51'),
(71, 121, 111, '2014-05-30 08:48:09', 'my last race at donington park wasn''t one of my best. how about you?', 0, '2014-05-30 08:48:09', '2014-05-30 08:48:09'),
(81, 111, 121, '2014-05-30 08:49:19', 'i''m retired dave. have you forgot that already :))', 0, '2014-05-30 08:49:19', '2014-05-30 08:49:19'),
(91, 121, 111, '2014-05-30 08:50:04', 'lol', 0, '2014-05-30 08:50:04', '2014-05-30 08:50:04'),
(101, 9, 11, '2014-05-30 08:59:33', 'this is a test message, welcome to drinkEntrepreneur!', 0, '2014-05-30 08:59:33', '2014-05-30 08:59:33'),
(111, 9, 21, '2014-05-30 09:00:21', 'this is a test message, welcome to drinkEntrepreneur!', 0, '2014-05-30 09:00:21', '2014-05-30 09:00:21'),
(121, 9, 21, '2014-05-30 09:00:33', 'btw, you should edit your profile and put ''San'' as the middle name. yes, we have a middle name coloumn in our profile', 0, '2014-05-30 09:00:33', '2014-05-30 09:00:33'),
(131, 9, 11, '2014-05-30 09:01:35', 'btw, you should edit your profile and put ''Ling'' as the middle name. yes, we have a middle name coloumn in our profile', 0, '2014-05-30 09:01:35', '2014-05-30 09:01:35'),
(141, 7, 9, '2014-06-01 18:47:04', 'hi akbar', 0, '2014-06-01 18:47:04', '2014-06-01 18:47:04'),
(151, 111, 9, '2014-06-01 18:57:20', 'This is Jim. I''m just testing this messaging feature', 0, '2014-06-01 18:57:20', '2014-06-01 18:57:20'),
(161, 1, 9, '2014-06-01 20:53:28', 'one', 0, '2014-06-01 20:53:28', '2014-06-01 20:53:28'),
(171, 1, 9, '2014-06-01 20:53:34', 'two', 0, '2014-06-01 20:53:34', '2014-06-01 20:53:34'),
(181, 7, 9, '2014-06-01 20:58:24', 'hooo', 0, '2014-06-01 20:58:24', '2014-06-01 20:58:24'),
(191, 7, 9, '2014-06-01 20:58:33', 'yup', 0, '2014-06-01 20:58:33', '2014-06-01 20:58:33'),
(201, 7, 9, '2014-06-01 20:58:47', 'ypo', 0, '2014-06-01 20:58:47', '2014-06-01 20:58:47'),
(211, 7, 9, '2014-06-01 21:10:25', 'yoo', 0, '2014-06-01 21:10:25', '2014-06-01 21:10:25'),
(221, 7, 9, '2014-06-01 21:15:24', 'two', 0, '2014-06-01 21:15:24', '2014-06-01 21:15:24'),
(231, 7, 9, '2014-06-01 21:15:33', 'test', 0, '2014-06-01 21:15:33', '2014-06-01 21:15:33'),
(241, 7, 9, '2014-06-01 21:15:44', 'not sure how to sort yet', 0, '2014-06-01 21:15:44', '2014-06-01 21:15:44'),
(251, 7, 9, '2014-06-01 21:22:06', 'sup', 0, '2014-06-01 21:22:06', '2014-06-01 21:22:06'),
(261, 7, 9, '2014-06-01 21:22:21', 'sup bro', 0, '2014-06-01 21:22:21', '2014-06-01 21:22:21'),
(271, 7, 9, '2014-06-01 21:22:33', 'need to talk to you', 0, '2014-06-01 21:22:33', '2014-06-01 21:22:33'),
(281, 171, 91, '2014-06-02 02:01:56', 'Hi.. How Are You?', 0, '2014-06-02 02:01:56', '2014-06-02 02:01:56'),
(291, 9, 21, '2014-06-02 02:07:26', 'you shold get a notification for receiving this message', 0, '2014-06-02 02:07:26', '2014-06-02 02:07:26'),
(301, 9, 21, '2014-06-02 02:08:11', 'and this is the second notification', 0, '2014-06-02 02:08:11', '2014-06-02 02:08:11'),
(311, 151, 171, '2014-06-02 02:09:00', 'Hi...', 0, '2014-06-02 02:09:00', '2014-06-02 02:09:00'),
(321, 171, 151, '2014-06-02 02:10:54', 'Hi how are you?', 0, '2014-06-02 02:10:54', '2014-06-02 02:10:54'),
(331, 2, 9, '2014-06-02 04:31:59', 'hi', 0, '2014-06-02 04:31:59', '2014-06-02 04:31:59'),
(341, 9, 2, '2014-06-02 05:03:27', 'holla', 0, '2014-06-02 05:03:27', '2014-06-02 05:03:27'),
(351, 7, 9, '2014-06-02 05:08:33', 'hi', 0, '2014-06-02 05:08:33', '2014-06-02 05:08:33'),
(361, 7, 9, '2014-06-02 05:08:39', 'holla senor', 0, '2014-06-02 05:08:39', '2014-06-02 05:08:39'),
(371, 7, 9, '2014-06-02 05:18:53', 'this is a message', 0, '2014-06-02 05:18:53', '2014-06-02 05:18:53'),
(381, 7, 9, '2014-06-02 05:19:12', 'one', 0, '2014-06-02 05:19:12', '2014-06-02 05:19:12'),
(391, 7, 9, '2014-06-02 06:55:52', 'two', 0, '2014-06-02 06:55:52', '2014-06-02 06:55:52'),
(401, 7, 9, '2014-06-02 06:56:00', 'three', 0, '2014-06-02 06:56:00', '2014-06-02 06:56:00'),
(411, 1, 9, '2014-06-02 06:58:54', 'hai', 0, '2014-06-02 06:58:54', '2014-06-02 06:58:54'),
(413, 1, 9, '2014-06-02 06:59:04', 'did you see robin?', 0, '2014-06-02 06:59:04', '2014-06-02 06:59:04'),
(423, 2, 3, '2014-06-02 07:00:34', 'hello', 0, '2014-06-02 07:00:34', '2014-06-02 07:00:34'),
(441, 2, 3, '2014-06-02 07:00:34', 'hello', 0, '2014-06-02 07:00:34', '2014-06-02 07:00:34'),
(451, 9, 1, '2014-06-02 07:03:08', 'one', 0, '2014-06-02 07:03:08', '2014-06-02 07:03:08'),
(461, 9, 1, '2014-06-02 07:03:32', 'two', 0, '2014-06-02 07:03:32', '2014-06-02 07:03:32'),
(471, 9, 1, '2014-06-02 07:03:38', 'three', 0, '2014-06-02 07:03:38', '2014-06-02 07:03:38'),
(481, 9, 1, '2014-06-02 07:03:47', 'four', 0, '2014-06-02 07:03:47', '2014-06-02 07:03:47'),
(491, 9, 1, '2014-06-02 07:03:56', 'five', 0, '2014-06-02 07:03:56', '2014-06-02 07:03:56'),
(501, 9, 1, '2014-06-02 07:04:02', 'six', 0, '2014-06-02 07:04:02', '2014-06-02 07:04:02'),
(511, 9, 1, '2014-06-02 07:04:08', 'seven', 0, '2014-06-02 07:04:08', '2014-06-02 07:04:08'),
(521, 9, 1, '2014-06-02 07:04:14', 'eight', 0, '2014-06-02 07:04:14', '2014-06-02 07:04:14'),
(531, 3, 2, '2014-06-02 07:09:13', 'hello friend', 0, '2014-06-02 07:09:13', '2014-06-02 07:09:13'),
(541, 3, 2, '2014-06-02 07:16:51', 'lohe', 0, '2014-06-02 07:16:51', '2014-06-02 07:16:51'),
(551, 2, 3, '2014-06-02 07:22:01', 'leha', 0, '2014-06-02 07:22:01', '2014-06-02 07:22:01'),
(561, 3, 4, '2014-06-02 07:26:05', 'hello', 0, '2014-06-02 07:26:05', '2014-06-02 07:26:05'),
(571, 4, 2, '2014-06-02 07:30:29', 'leha', 0, '2014-06-02 07:30:29', '2014-06-02 07:30:29'),
(581, 4, 2, '2014-06-02 07:30:29', 'leha', 0, '2014-06-02 07:30:29', '2014-06-02 07:30:29'),
(591, 2, 4, '2014-06-02 07:38:29', 'leho', 0, '2014-06-02 07:38:29', '2014-06-02 07:38:29'),
(601, 4, 2, '2014-06-02 07:41:22', 'helo', 0, '2014-06-02 07:41:22', '2014-06-02 07:41:22'),
(611, 2, 3, '2014-06-02 07:46:05', 'hey', 0, '2014-06-02 07:46:05', '2014-06-02 07:46:05'),
(621, 2, 3, '2014-06-02 07:46:13', 'ho', 0, '2014-06-02 07:46:13', '2014-06-02 07:46:13'),
(631, 3, 2, '2014-06-02 07:57:04', 'lohe', 0, '2014-06-02 07:57:04', '2014-06-02 07:57:04'),
(641, 2, 7, '2014-06-02 08:01:05', 'hello sweetie', 0, '2014-06-02 08:01:05', '2014-06-02 08:01:05'),
(651, 2, 3, '2014-06-02 08:43:03', 'bro', 0, '2014-06-02 08:43:03', '2014-06-02 08:43:03'),
(661, 1, 9, '2014-06-02 09:22:13', 'stop it dude', 0, '2014-06-02 09:22:13', '2014-06-02 09:22:13'),
(671, 1, 5, '2014-06-02 09:22:39', 'sup'' X', 0, '2014-06-02 09:22:39', '2014-06-02 09:22:39'),
(681, 1, 5, '2014-06-02 09:22:54', 'wanna hangout?', 0, '2014-06-02 09:22:54', '2014-06-02 09:22:54'),
(691, 1, 5, '2014-06-02 09:23:03', 'i heard that logan just back from Japan. did he buy something interesting', 0, '2014-06-02 09:23:03', '2014-06-02 09:23:03'),
(701, 1, 5, '2014-06-02 09:23:45', 'if he did. i want some!', 0, '2014-06-02 09:23:45', '2014-06-02 09:23:45'),
(711, 1, 5, '2014-06-02 09:24:10', 'come on X, save some for me', 0, '2014-06-02 09:24:10', '2014-06-02 09:24:10'),
(721, 1, 5, '2014-06-02 09:24:24', 'okay, i''ll be waiting', 0, '2014-06-02 09:24:24', '2014-06-02 09:24:24'),
(731, 1, 5, '2014-06-02 09:24:40', 'if you want to meet, i''ll be at the cave', 0, '2014-06-02 09:24:40', '2014-06-02 09:24:40'),
(741, 1, 5, '2014-06-02 09:25:02', 'you know where it is right?', 0, '2014-06-02 09:25:02', '2014-06-02 09:25:02'),
(751, 1, 5, '2014-06-02 09:25:21', 'if you don''t, just ask alfred', 0, '2014-06-02 09:25:21', '2014-06-02 09:25:21'),
(761, 2, 5, '2014-06-02 09:34:37', 'hello sweetie', 0, '2014-06-02 09:34:37', '2014-06-02 09:34:37'),
(771, 5, 2, '2014-06-02 09:35:58', 'sup', 0, '2014-06-02 09:35:58', '2014-06-02 09:35:58'),
(781, 1, 6, '2014-06-02 09:50:14', 'hi jean, wanna get something to eat?', 0, '2014-06-02 09:50:14', '2014-06-02 09:50:14'),
(791, 1, 6, '2014-06-02 09:50:30', 'hello jean', 0, '2014-06-02 09:50:30', '2014-06-02 09:50:30'),
(801, 6, 1, '2014-06-02 10:19:56', 'yes, but after I finished writing the story for the next Xmen', 0, '2014-06-02 10:19:56', '2014-06-02 10:19:56'),
(811, 6, 1, '2014-06-02 10:20:36', 'okay, I''m ready', 0, '2014-06-02 10:20:36', '2014-06-02 10:20:36'),
(821, 2, 5, '2014-06-02 10:23:49', 'heyho', 0, '2014-06-02 10:23:49', '2014-06-02 10:23:49'),
(831, 5, 2, '2014-06-02 10:30:26', 'hello', 0, '2014-06-02 10:30:26', '2014-06-02 10:30:26'),
(841, 5, 2, '2014-06-02 10:31:03', 'hello', 0, '2014-06-02 10:31:03', '2014-06-02 10:31:03'),
(851, 5, 2, '2014-06-02 10:31:13', 'hello', 0, '2014-06-02 10:31:13', '2014-06-02 10:31:13'),
(861, 5, 2, '2014-06-02 10:31:20', 'hello', 0, '2014-06-02 10:31:20', '2014-06-02 10:31:20'),
(871, 5, 2, '2014-06-02 10:31:26', 'hello', 0, '2014-06-02 10:31:26', '2014-06-02 10:31:26'),
(881, 5, 2, '2014-06-02 10:31:47', 'hello', 0, '2014-06-02 10:31:47', '2014-06-02 10:31:47'),
(891, 5, 2, '2014-06-02 10:32:06', 'hello', 0, '2014-06-02 10:32:06', '2014-06-02 10:32:06'),
(901, 5, 2, '2014-06-02 10:33:25', 'hello', 0, '2014-06-02 10:33:25', '2014-06-02 10:33:25'),
(911, 5, 2, '2014-06-02 10:33:36', 'hello', 0, '2014-06-02 10:33:36', '2014-06-02 10:33:36'),
(921, 5, 2, '2014-06-02 10:33:44', 'hello', 0, '2014-06-02 10:33:44', '2014-06-02 10:33:44'),
(931, 2, 1, '2014-06-02 10:41:14', 'sup bruce', 0, '2014-06-02 10:41:14', '2014-06-02 10:41:14'),
(941, 2, 6, '2014-06-02 10:41:46', 'hey jean', 0, '2014-06-02 10:41:46', '2014-06-02 10:41:46'),
(942, 6, 2, '2014-06-02 10:43:30', 'hello clark', 0, '2014-06-02 10:43:30', '2014-06-02 10:43:30'),
(961, 2, 3, '2014-06-02 10:47:43', 'long time no see', 0, '2014-06-02 10:47:43', '2014-06-02 10:47:43'),
(971, 1, 3, '2014-06-02 10:48:21', 'Hi parker. need some money?', 0, '2014-06-02 10:48:21', '2014-06-02 10:48:21'),
(981, 5, 3, '2014-06-02 10:49:45', 'peter, can you hear me?', 0, '2014-06-02 10:49:45', '2014-06-02 10:49:45'),
(991, 3, 2, '2014-06-03 05:05:41', 'hello kitty', 0, '2014-06-03 05:05:41', '2014-06-03 05:05:41'),
(1001, 5, 2, '2014-06-03 15:38:52', 'hallo', 0, '2014-06-03 15:38:52', '2014-06-03 15:38:52'),
(1011, 4, 3, '2014-06-03 16:00:42', 'hi', 0, '2014-06-03 16:00:42', '2014-06-03 16:00:42'),
(1021, 3, 4, '2014-06-03 16:01:38', 'hi', 0, '2014-06-03 16:01:38', '2014-06-03 16:01:38'),
(1031, 3, 4, '2014-06-03 16:01:51', 'hi', 0, '2014-06-03 16:01:51', '2014-06-03 16:01:51'),
(1041, 3, 4, '2014-06-03 16:01:51', 'hi', 0, '2014-06-03 16:01:51', '2014-06-03 16:01:51'),
(1051, 3, 1, '2014-06-03 16:05:19', 'what?', 0, '2014-06-03 16:05:19', '2014-06-03 16:05:19'),
(1061, 3, 1, '2014-06-03 16:17:03', 'how?', 0, '2014-06-03 16:17:03', '2014-06-03 16:17:03'),
(1071, 3, 4, '2014-06-03 16:49:33', 'hellooooooooooooo', 0, '2014-06-03 16:49:33', '2014-06-03 16:49:33'),
(1081, 9, 2, '2014-06-03 17:24:31', 'test', 0, '2014-06-03 17:24:31', '2014-06-03 17:24:31'),
(1091, 3, 2, '2014-06-04 13:19:49', 'hello brooo', 0, '2014-06-04 13:19:49', '2014-06-04 13:19:49'),
(1101, 181, 1, '2014-06-04 15:28:51', 'hi bruce', 0, '2014-06-04 15:28:51', '2014-06-04 15:28:51'),
(1111, 2, 3, '2014-06-04 16:47:35', 'hello', 0, '2014-06-04 16:47:35', '2014-06-04 16:47:35'),
(1121, 1, 181, '2014-06-04 17:36:47', 'hi', 0, '2014-06-04 17:36:47', '2014-06-04 17:36:47'),
(1131, 2, 181, '2014-06-04 17:46:34', 'tes', 0, '2014-06-04 17:46:34', '2014-06-04 17:46:34'),
(1141, 4, 181, '2014-06-04 17:52:49', 'hello', 0, '2014-06-04 17:52:49', '2014-06-04 17:52:49'),
(1142, 181, 1, '2014-06-04 17:54:49', 'aloha', 0, '2014-06-04 17:54:49', '2014-06-04 17:54:49'),
(1161, 181, 1, '2014-06-04 17:55:28', 'mahalo', 0, '2014-06-04 17:55:28', '2014-06-04 17:55:28'),
(1171, 1, 9, '2014-06-05 00:23:58', 'woi', 0, '2014-06-05 00:23:58', '2014-06-05 00:23:58'),
(1181, 221, 11, '2014-06-05 15:36:57', 'hi, you should check the notification', 0, '2014-06-05 15:36:57', '2014-06-05 15:36:57'),
(1191, 221, 11, '2014-06-05 16:49:07', 'this is the second message', 0, '2014-06-05 16:49:07', '2014-06-05 16:49:07'),
(1201, 9, 71, '2014-06-05 18:18:02', 'hai dude', 0, '2014-06-05 18:18:02', '2014-06-05 18:18:02'),
(1211, 71, 9, '2014-06-05 18:21:26', 'hello buddy', 0, '2014-06-05 18:21:26', '2014-06-05 18:21:26'),
(1221, 9, 71, '2014-06-05 18:21:55', 'i have something to ask', 0, '2014-06-05 18:21:55', '2014-06-05 18:21:55'),
(1231, 71, 6, '2014-06-05 18:50:15', 'holla', 0, '2014-06-05 18:50:15', '2014-06-05 18:50:15'),
(1241, 6, 71, '2014-06-05 18:51:08', 'aloha', 0, '2014-06-05 18:51:08', '2014-06-05 18:51:08'),
(1251, 71, 6, '2014-06-05 18:50:47', 'mahalo', 0, '2014-06-05 18:50:47', '2014-06-05 18:50:47'),
(1261, 6, 71, '2014-06-05 18:51:17', 'home yet?', 0, '2014-06-05 18:51:17', '2014-06-05 18:51:17'),
(1271, 1, 9, '2014-06-06 12:59:37', 'see you later', 0, '2014-06-06 12:59:37', '2014-06-06 12:59:37'),
(1281, 9, 2, '2014-06-06 15:09:19', 'Lois is looking for you', 0, '2014-06-06 15:09:19', '2014-06-06 15:09:19'),
(1283, 9, 2, '2014-06-06 15:11:06', 'yeah', 0, '2014-06-06 15:11:06', '2014-06-06 15:11:06'),
(1291, 231, 9, '2014-06-06 17:23:41', 'Hi', 0, '2014-06-06 17:23:41', '2014-06-06 17:23:41'),
(1301, 231, 9, '2014-06-06 17:23:50', 'hola', 0, '2014-06-06 17:23:50', '2014-06-06 17:23:50'),
(1311, 1, 231, '2014-06-06 17:27:25', 'test message', 0, '2014-06-06 17:27:25', '2014-06-06 17:27:25'),
(1321, 9, 231, '2014-06-06 17:27:57', 'test', 0, '2014-06-06 17:27:57', '2014-06-06 17:27:57'),
(1331, 231, 1, '2014-06-06 17:59:59', 'test', 0, '2014-06-06 17:59:59', '2014-06-06 17:59:59'),
(1341, 9, 1, '2014-06-09 14:16:40', 'yes', 0, '2014-06-09 14:16:40', '2014-06-09 14:16:40'),
(1351, 9, 1, '2014-06-09 14:23:24', 'this is new', 0, '2014-06-09 14:23:24', '2014-06-09 14:23:24'),
(1361, 2, 181, '2014-06-09 16:26:40', 'tes', 0, '2014-06-09 16:26:40', '2014-06-09 16:26:40'),
(1371, 231, 1, '2014-06-09 17:20:04', 'test', 0, '2014-06-09 17:20:04', '2014-06-09 17:20:04'),
(1381, 2, 9, '2014-06-09 18:07:18', 'so?', 0, '2014-06-09 18:07:18', '2014-06-09 18:07:18'),
(1391, 241, 9, '2014-06-09 18:17:26', 'Hi, I''m kimi. nice to meet you', 0, '2014-06-09 18:17:26', '2014-06-09 18:17:26'),
(1401, 9, 241, '2014-06-09 18:41:41', 'hello Kimi. You are my favorite formula one driver. you should pick up some pace and be on the podium', 0, '2014-06-09 18:41:41', '2014-06-09 18:41:41'),
(1411, 241, 9, '2014-06-09 18:44:59', 'yeah, the car is not suitable for me. it feels bad but it is improving', 0, '2014-06-09 18:44:59', '2014-06-09 18:44:59'),
(1421, 2, 5, '2014-06-10 11:52:08', 'sup', 0, '2014-06-10 11:52:08', '2014-06-10 11:52:08'),
(1431, 2, 5, '2014-06-10 12:39:11', 'hey', 0, '2014-06-10 12:39:11', '2014-06-10 12:39:11'),
(1441, 2, 5, '2014-06-10 12:40:34', 'heyho', 0, '2014-06-10 12:40:34', '2014-06-10 12:40:34'),
(1451, 2, 5, '2014-06-10 12:54:15', 'test', 0, '2014-06-10 12:54:15', '2014-06-10 12:54:15'),
(1461, 2, 5, '2014-06-10 13:06:50', 'tes', 0, '2014-06-10 13:06:50', '2014-06-10 13:06:50'),
(1471, 2, 5, '2014-06-10 13:09:24', 'yes', 0, '2014-06-10 13:09:24', '2014-06-10 13:09:24'),
(1481, 2, 5, '2014-06-10 13:21:59', 'test', 0, '2014-06-10 13:21:59', '2014-06-10 13:21:59'),
(1491, 5, 2, '2014-06-10 15:16:30', 'test', 0, '2014-06-10 15:16:30', '2014-06-10 15:16:30'),
(1501, 9, 2, '2014-06-10 16:10:17', 'hello clark', 0, '2014-06-10 16:10:17', '2014-06-10 16:10:17'),
(1511, 21, 9, '2014-06-10 16:30:16', 'testing testing 123', 0, '2014-06-10 16:30:16', '2014-06-10 16:30:16'),
(1521, 21, 231, '2014-06-10 16:32:41', 'reply me anything when you see this', 0, '2014-06-10 16:32:41', '2014-06-10 16:32:41'),
(1531, 11, 221, '2014-06-13 14:54:46', 'hello', 0, '2014-06-13 14:54:46', '2014-06-13 14:54:46'),
(1541, 11, 221, '2014-06-13 14:54:46', 'hello', 0, '2014-06-13 14:54:46', '2014-06-13 14:54:46'),
(1551, 11, 221, '2014-06-13 14:54:46', 'hello', 0, '2014-06-13 14:54:46', '2014-06-13 14:54:46'),
(1561, 11, 21, '2014-06-13 14:58:11', 'hello', 0, '2014-06-13 14:58:11', '2014-06-13 14:58:11'),
(1571, 9, 21, '2014-06-16 00:07:23', 'thanks for testing :D', 0, '2014-06-16 00:07:23', '2014-06-16 00:07:23'),
(1581, 9, 21, '2014-06-16 00:07:46', 'now we have the message box on the top and the ordered descending so it will be easier for us to type. thanks to spencer''s request', 0, '2014-06-16 00:07:46', '2014-06-16 00:07:46'),
(1591, 9, 21, '2014-06-16 00:08:50', 'and we have pagination too', 0, '2014-06-16 00:08:50', '2014-06-16 00:08:50'),
(1601, 9, 21, '2014-06-16 00:09:15', 'check the notification center too. with new looks', 0, '2014-06-16 00:09:15', '2014-06-16 00:09:15'),
(1611, 231, 21, '2014-06-17 16:29:25', 'Holalallalala', 0, '2014-06-17 16:29:25', '2014-06-17 16:29:25'),
(1621, 2, 231, '2014-06-17 16:33:37', 'test', 0, '2014-06-17 16:33:37', '2014-06-17 16:33:37'),
(1631, 2, 231, '2014-06-17 16:33:37', 'test', 0, '2014-06-17 16:33:37', '2014-06-17 16:33:37'),
(1641, 2, 231, '2014-06-17 16:33:37', 'test', 0, '2014-06-17 16:33:37', '2014-06-17 16:33:37'),
(1651, 2, 231, '2014-06-17 16:33:37', 'test', 0, '2014-06-17 16:33:37', '2014-06-17 16:33:37'),
(1661, 2, 231, '2014-06-17 16:33:37', 'test', 0, '2014-06-17 16:33:37', '2014-06-17 16:33:37'),
(1671, 2, 231, '2014-06-17 16:34:53', 'test', 0, '2014-06-17 16:34:53', '2014-06-17 16:34:53'),
(1681, 2, 231, '2014-06-17 16:34:53', 'test', 0, '2014-06-17 16:34:53', '2014-06-17 16:34:53'),
(1691, 2, 231, '2014-06-17 16:34:53', 'test', 0, '2014-06-17 16:34:53', '2014-06-17 16:34:53'),
(1701, 2, 231, '2014-06-17 16:34:53', 'test', 0, '2014-06-17 16:34:53', '2014-06-17 16:34:53'),
(1711, 271, 31, '2014-06-17 23:23:16', 'dhtfgc', 0, '2014-06-17 23:23:16', '2014-06-17 23:23:16'),
(1721, 271, 31, '2014-06-17 23:23:16', 'dhtfgc', 0, '2014-06-17 23:23:16', '2014-06-17 23:23:16'),
(1731, 2, 9, '2014-06-18 16:58:35', 'hi there', 0, '2014-06-18 16:58:35', '2014-06-18 16:58:35'),
(1741, 9, 2, '2014-06-19 17:13:37', 'wushhh', 0, '2014-06-19 17:13:37', '2014-06-19 17:13:37'),
(1751, 1, 9, '2014-06-21 19:53:00', 'dude clean and add comments to the code', 0, '2014-06-21 19:53:00', '2014-06-21 19:53:00'),
(1761, 1, 9, '2014-06-21 19:53:50', 'and you forgot to change this send button color to match the rest', 0, '2014-06-21 19:53:50', '2014-06-21 19:53:50');

-- --------------------------------------------------------

--
-- Table structure for table `migrations`
--

CREATE TABLE IF NOT EXISTS `migrations` (
  `migration` varchar(255) COLLATE utf8_unicode_ci NOT NULL,
  `batch` int(11) NOT NULL
) ENGINE=InnoDB DEFAULT CHARSET=utf8 COLLATE=utf8_unicode_ci;

--
-- Dumping data for table `migrations`
--

INSERT INTO `migrations` (`migration`, `batch`) VALUES
('2014_05_26_201226_create_users_table', 1),
('2014_05_26_201247_create_favourites_table', 1),
('2014_05_26_201308_create_notifications_table', 1),
('2014_05_26_201348_create_messages_table', 1),
('2014_06_04_130651_create_password_reminders_table', 2),
('2014_06_16_002422_create_group_messages_table', 3),
('2014_06_16_002449_create_group_messages_content_table', 3),
('2014_06_16_002513_create_group_messages_member_table', 3),
('2014_06_17_114302_create_country_list_table', 4),
('2014_06_18_173426_create_notification_type_table', 5);

-- --------------------------------------------------------

--
-- Table structure for table `notification_type`
--

CREATE TABLE IF NOT EXISTS `notification_type` (
  `id` int(10) unsigned NOT NULL AUTO_INCREMENT,
  `name` varchar(255) COLLATE utf8_unicode_ci NOT NULL,
  PRIMARY KEY (`id`)
) ENGINE=InnoDB  DEFAULT CHARSET=utf8 COLLATE=utf8_unicode_ci AUTO_INCREMENT=5 ;

--
-- Dumping data for table `notification_type`
--

INSERT INTO `notification_type` (`id`, `name`) VALUES
(1, 'favorite_add'),
(2, 'personal_message'),
(3, 'group_add'),
(4, 'group_message');

-- --------------------------------------------------------

--
-- Table structure for table `notifications`
--

CREATE TABLE IF NOT EXISTS `notifications` (
  `id` int(10) unsigned NOT NULL AUTO_INCREMENT,
  `id_to` int(11) NOT NULL,
  `id_from` int(11) NOT NULL,
  `message` varchar(255) COLLATE utf8_unicode_ci DEFAULT NULL,
  `isread` tinyint(1) NOT NULL,
  `created_at` timestamp NOT NULL DEFAULT '0000-00-00 00:00:00',
  `updated_at` timestamp NOT NULL DEFAULT '0000-00-00 00:00:00',
  `id_type` int(11) DEFAULT NULL,
  `id_parent` int(11) DEFAULT NULL,
  PRIMARY KEY (`id`)
) ENGINE=InnoDB  DEFAULT CHARSET=utf8 COLLATE=utf8_unicode_ci AUTO_INCREMENT=3022 ;

--
-- Dumping data for table `notifications`
--

INSERT INTO `notifications` (`id`, `id_to`, `id_from`, `message`, `isread`, `created_at`, `updated_at`, `id_type`, `id_parent`) VALUES
(1, 9, 1, 'favourite', 1, '2014-06-01 17:03:21', '2014-06-01 20:41:44', 1, NULL),
(11, 9, 2, 'favourite', 1, '2014-06-01 18:27:17', '2014-06-01 20:41:44', 1, NULL),
(21, 9, 7, 'favourite', 1, '2014-06-01 18:32:42', '2014-06-01 20:41:44', 1, NULL),
(31, 9, 7, 'message', 1, '2014-06-01 18:48:57', '2014-06-01 20:41:45', 2, NULL),
(41, 9, 111, 'favourite', 1, '2014-06-01 18:57:14', '2014-06-01 20:52:20', 1, NULL),
(51, 9, 111, 'message', 1, '2014-06-01 18:57:55', '2014-06-01 20:52:21', 2, NULL),
(61, 9, 1, 'message', 1, '2014-06-01 20:53:32', '2014-06-01 20:58:49', 2, NULL),
(71, 9, 1, 'message', 1, '2014-06-01 20:53:49', '2014-06-01 20:58:50', 2, NULL),
(81, 9, 7, 'message', 1, '2014-06-01 20:58:31', '2014-06-01 20:58:50', 2, NULL),
(91, 9, 7, 'message', 1, '2014-06-01 20:58:45', '2014-06-01 20:58:50', 2, NULL),
(101, 9, 7, 'message', 1, '2014-06-01 21:10:24', '2014-06-01 21:10:50', 2, NULL),
(111, 9, 7, 'message', 1, '2014-06-01 21:10:31', '2014-06-01 21:10:50', 2, NULL),
(121, 9, 7, 'message', 1, '2014-06-01 21:15:31', '2014-06-01 21:16:29', 2, NULL),
(131, 9, 7, 'message', 1, '2014-06-01 21:15:43', '2014-06-01 21:16:29', 2, NULL),
(141, 9, 7, 'message', 1, '2014-06-01 21:16:03', '2014-06-01 21:16:29', 2, NULL),
(151, 9, 7, 'message', 1, '2014-06-01 21:22:20', '2014-06-01 21:23:38', 2, NULL),
(161, 9, 7, 'message', 1, '2014-06-01 21:22:32', '2014-06-01 21:23:39', 2, NULL),
(171, 9, 7, 'message', 1, '2014-06-01 21:22:57', '2014-06-01 21:23:39', 2, NULL),
(181, 121, 151, 'favourite', 0, '2014-06-02 01:45:14', '2014-06-02 01:45:14', 1, NULL),
(191, 131, 151, 'favourite', 0, '2014-06-02 01:45:59', '2014-06-02 01:45:59', 1, NULL),
(201, 61, 151, 'favourite', 0, '2014-06-02 01:46:52', '2014-06-02 01:46:52', 1, NULL),
(211, 91, 171, 'favourite', 0, '2014-06-02 02:01:50', '2014-06-02 02:01:50', 1, NULL),
(221, 91, 171, 'message', 0, '2014-06-02 02:02:15', '2014-06-02 02:02:15', 2, NULL),
(231, 171, 151, 'favourite', 1, '2014-06-02 02:06:49', '2014-06-02 02:09:40', 1, NULL),
(241, 21, 9, 'message', 1, '2014-06-02 02:08:10', '2014-06-10 16:29:03', 2, NULL),
(251, 21, 9, 'message', 1, '2014-06-02 02:08:47', '2014-06-10 16:29:04', 2, NULL),
(261, 171, 151, 'message', 1, '2014-06-02 02:09:13', '2014-06-02 02:09:40', 2, NULL),
(271, 151, 171, 'message', 1, '2014-06-02 02:11:08', '2014-06-02 02:11:42', 2, NULL),
(281, 9, 2, 'message', 1, '2014-06-02 04:32:05', '2014-06-02 04:44:48', 2, NULL),
(291, 2, 9, 'message', 1, '2014-06-02 05:03:34', '2014-06-02 05:04:06', 2, NULL),
(301, 9, 7, 'message', 1, '2014-06-02 05:08:37', '2014-06-02 05:08:47', 2, NULL),
(311, 9, 7, 'message', 1, '2014-06-02 05:09:18', '2014-06-02 05:09:46', 2, NULL),
(321, 9, 7, 'message', 1, '2014-06-02 05:19:10', '2014-06-02 06:57:31', 2, NULL),
(331, 9, 7, 'message', 1, '2014-06-02 06:55:50', '2014-06-02 06:57:32', 2, NULL),
(341, 9, 7, 'message', 1, '2014-06-02 06:55:58', '2014-06-02 06:57:32', 2, NULL),
(351, 9, 7, 'message', 1, '2014-06-02 06:56:04', '2014-06-02 06:57:32', 2, NULL),
(361, 9, 1, 'message', 1, '2014-06-02 06:59:01', '2014-06-02 06:59:34', 2, NULL),
(363, 9, 1, 'message', 1, '2014-06-02 06:59:14', '2014-06-02 06:59:34', 2, NULL),
(373, 3, 2, 'message', 1, '2014-06-02 07:00:47', '2014-06-02 07:01:08', 2, NULL),
(391, 3, 2, 'message', 1, '2014-06-02 07:00:47', '2014-06-02 07:01:08', 2, NULL),
(401, 1, 9, 'message', 1, '2014-06-02 07:03:30', '2014-06-03 17:18:07', 2, NULL),
(411, 1, 9, 'message', 1, '2014-06-02 07:03:36', '2014-06-03 17:18:07', 2, NULL),
(421, 1, 9, 'message', 1, '2014-06-02 07:03:45', '2014-06-03 17:18:08', 2, NULL),
(431, 1, 9, 'message', 1, '2014-06-02 07:03:54', '2014-06-03 17:18:08', 2, NULL),
(441, 1, 9, 'message', 1, '2014-06-02 07:04:00', '2014-06-03 17:18:08', 2, NULL),
(451, 1, 9, 'message', 1, '2014-06-02 07:04:06', '2014-06-03 17:18:09', 2, NULL),
(461, 1, 9, 'message', 1, '2014-06-02 07:04:13', '2014-06-03 17:18:09', 2, NULL),
(471, 1, 9, 'message', 1, '2014-06-02 07:04:20', '2014-06-03 17:18:09', 2, NULL),
(481, 2, 3, 'message', 1, '2014-06-02 07:09:22', '2014-06-02 07:15:44', 2, NULL),
(491, 2, 3, 'message', 1, '2014-06-02 07:17:00', '2014-06-02 07:17:30', 2, NULL),
(501, 3, 2, 'message', 1, '2014-06-02 07:22:18', '2014-06-02 07:22:43', 2, NULL),
(511, 4, 3, 'message', 1, '2014-06-02 07:26:14', '2014-06-02 07:26:51', 2, NULL),
(521, 2, 4, 'message', 1, '2014-06-02 07:30:46', '2014-06-02 07:35:01', 2, NULL),
(531, 2, 4, 'message', 1, '2014-06-02 07:30:48', '2014-06-02 07:35:02', 2, NULL),
(541, 4, 2, 'message', 1, '2014-06-02 07:38:37', '2014-06-02 07:39:07', 2, NULL),
(551, 2, 4, 'message', 1, '2014-06-02 07:41:38', '2014-06-02 07:42:17', 2, NULL),
(561, 3, 2, 'message', 1, '2014-06-02 07:46:10', '2014-06-02 07:46:39', 2, NULL),
(571, 3, 2, 'message', 1, '2014-06-02 07:46:18', '2014-06-02 07:46:40', 2, NULL),
(581, 2, 3, 'message', 1, '2014-06-02 07:57:20', '2014-06-02 07:57:46', 2, NULL),
(591, 7, 2, 'favourite', 1, '2014-06-02 08:00:42', '2014-06-02 08:01:49', 1, NULL),
(601, 7, 2, 'message', 1, '2014-06-02 08:01:20', '2014-06-02 08:01:50', 2, NULL),
(611, 3, 2, 'message', 1, '2014-06-02 08:43:09', '2014-06-02 08:52:20', 2, NULL),
(621, 9, 1, 'message', 1, '2014-06-02 09:22:25', '2014-06-03 07:28:08', 2, NULL),
(631, 5, 1, 'message', 1, '2014-06-02 09:22:52', '2014-06-02 09:26:05', 2, NULL),
(641, 5, 1, 'message', 1, '2014-06-02 09:23:01', '2014-06-02 09:26:05', 2, NULL),
(651, 5, 1, 'message', 1, '2014-06-02 09:23:44', '2014-06-02 09:26:05', 2, NULL),
(661, 5, 1, 'message', 1, '2014-06-02 09:24:08', '2014-06-02 09:26:06', 2, NULL),
(671, 5, 1, 'message', 1, '2014-06-02 09:24:22', '2014-06-02 09:26:06', 2, NULL),
(681, 5, 1, 'message', 1, '2014-06-02 09:24:38', '2014-06-02 09:26:06', 2, NULL),
(691, 5, 1, 'message', 1, '2014-06-02 09:25:00', '2014-06-02 09:26:07', 2, NULL),
(701, 5, 1, 'message', 1, '2014-06-02 09:25:19', '2014-06-02 09:26:07', 2, NULL),
(711, 5, 1, 'message', 1, '2014-06-02 09:25:39', '2014-06-02 09:26:07', 2, NULL),
(721, 5, 2, 'message', 1, '2014-06-02 09:34:47', '2014-06-02 09:35:47', 2, NULL),
(731, 2, 5, 'message', 1, '2014-06-02 09:36:09', '2014-06-02 09:56:30', 2, NULL),
(741, 6, 1, 'message', 1, '2014-06-02 09:50:28', '2014-06-02 09:50:37', 2, NULL),
(751, 6, 1, 'message', 1, '2014-06-02 09:52:57', '2014-06-02 09:53:01', 2, NULL),
(761, 1, 6, 'message', 1, '2014-06-02 10:20:34', '2014-06-03 17:18:10', 2, NULL),
(771, 1, 6, 'message', 1, '2014-06-02 10:20:51', '2014-06-03 17:18:10', 2, NULL),
(781, 5, 2, 'message', 1, '2014-06-02 10:23:55', '2014-06-02 10:49:32', 2, NULL),
(791, 2, 5, 'message', 1, '2014-06-02 10:31:01', '2014-06-02 10:34:48', 2, NULL),
(801, 2, 5, 'message', 1, '2014-06-02 10:31:11', '2014-06-02 10:34:48', 2, NULL),
(811, 2, 5, 'message', 1, '2014-06-02 10:31:18', '2014-06-02 10:34:48', 2, NULL),
(821, 2, 5, 'message', 1, '2014-06-02 10:31:24', '2014-06-02 10:34:49', 2, NULL),
(831, 2, 5, 'message', 1, '2014-06-02 10:31:46', '2014-06-02 10:34:49', 2, NULL),
(841, 2, 5, 'message', 1, '2014-06-02 10:31:55', '2014-06-02 10:34:49', 2, NULL),
(851, 2, 5, 'message', 1, '2014-06-02 10:33:23', '2014-06-02 10:34:50', 2, NULL),
(861, 2, 5, 'message', 1, '2014-06-02 10:33:31', '2014-06-02 10:34:50', 2, NULL),
(871, 2, 5, 'message', 1, '2014-06-02 10:33:42', '2014-06-02 10:34:50', 2, NULL),
(881, 2, 5, 'message', 1, '2014-06-02 10:33:57', '2014-06-02 10:34:51', 2, NULL),
(891, 1, 2, 'message', 1, '2014-06-02 10:41:21', '2014-06-03 17:18:11', 2, NULL),
(901, 6, 2, 'message', 1, '2014-06-02 10:41:58', '2014-06-02 10:42:07', 2, NULL),
(902, 2, 6, 'message', 1, '2014-06-02 10:43:42', '2014-06-02 10:46:03', 2, NULL),
(921, 3, 2, 'message', 1, '2014-06-02 10:47:51', '2014-06-02 10:47:56', 2, NULL),
(931, 3, 1, 'message', 1, '2014-06-02 10:48:36', '2014-06-02 10:48:42', 2, NULL),
(941, 3, 5, 'message', 1, '2014-06-02 10:49:55', '2014-06-02 10:50:00', 2, NULL),
(951, 111, 2, 'favourite', 1, '2014-06-03 05:02:23', '2014-06-03 05:04:53', 1, NULL),
(961, 2, 3, 'message', 1, '2014-06-03 05:05:54', '2014-06-03 05:08:08', 2, NULL),
(971, 2, 5, 'message', 1, '2014-06-03 15:39:12', '2014-06-03 15:40:25', 2, NULL),
(981, 3, 4, 'message', 1, '2014-06-03 16:00:53', '2014-06-03 16:45:13', 2, NULL),
(991, 4, 3, 'message', 1, '2014-06-03 16:01:48', '2014-06-04 17:53:39', 2, NULL),
(1001, 4, 3, 'message', 1, '2014-06-03 16:02:17', '2014-06-04 17:53:39', 2, NULL),
(1011, 4, 3, 'message', 1, '2014-06-03 16:02:21', '2014-06-04 17:53:39', 2, NULL),
(1021, 1, 3, 'message', 1, '2014-06-03 16:05:31', '2014-06-03 17:18:11', 2, NULL),
(1031, 1, 3, 'message', 1, '2014-06-03 16:17:11', '2014-06-03 17:18:11', 2, NULL),
(1041, 4, 3, 'message', 1, '2014-06-03 16:49:41', '2014-06-04 17:53:40', 2, NULL),
(1051, 2, 9, 'message', 1, '2014-06-03 17:24:44', '2014-06-03 17:38:14', 2, NULL),
(1061, 31, 2, 'favourite', 0, '2014-06-03 17:36:51', '2014-06-03 17:36:51', 1, NULL),
(1071, 11, 1, 'favourite', 1, '2014-06-04 01:05:25', '2014-06-13 14:54:27', 1, NULL),
(1081, 3, 2, 'favourite', 1, '2014-06-04 13:16:45', '2014-06-04 13:17:19', 1, NULL),
(1091, 2, 3, 'message', 1, '2014-06-04 13:19:58', '2014-06-04 13:20:34', 2, NULL),
(1101, 1, 181, 'favourite', 1, '2014-06-04 15:28:43', '2014-06-04 16:37:21', 1, NULL),
(1111, 1, 181, 'message', 1, '2014-06-04 15:29:01', '2014-06-04 16:37:21', 2, NULL),
(1121, 3, 2, 'message', 0, '2014-06-04 16:48:07', '2014-06-04 16:48:07', 2, NULL),
(1131, 181, 2, 'favourite', 1, '2014-06-04 17:32:12', '2014-06-04 17:37:17', 1, NULL),
(1141, 181, 1, 'message', 1, '2014-06-04 17:36:57', '2014-06-04 17:37:17', 2, NULL),
(1151, 181, 2, 'message', 1, '2014-06-04 17:46:39', '2014-06-04 17:46:45', 2, NULL),
(1161, 181, 4, 'message', 1, '2014-06-04 17:52:54', '2014-06-04 17:53:09', 2, NULL),
(1171, 181, 4, 'favourite', 1, '2014-06-04 17:53:06', '2014-06-04 17:53:09', 1, NULL),
(1172, 1, 181, 'message', 1, '2014-06-04 17:54:57', '2014-06-04 17:55:59', 2, NULL),
(1191, 1, 181, 'favourite', 1, '2014-06-04 17:55:20', '2014-06-04 17:56:00', 1, NULL),
(1201, 1, 181, 'message', 1, '2014-06-04 17:55:37', '2014-06-04 17:56:00', 2, NULL),
(1211, 9, 1, 'message', 1, '2014-06-05 00:24:06', '2014-06-05 00:24:35', 2, NULL),
(1221, 2, 9, 'favourite', 1, '2014-06-05 13:18:11', '2014-06-05 15:25:28', 1, NULL),
(1231, 6, 9, 'favourite', 1, '2014-06-05 15:14:57', '2014-06-05 18:50:41', 1, NULL),
(1241, 11, 221, 'message', 1, '2014-06-05 15:39:15', '2014-06-13 14:54:27', 2, NULL),
(1251, 2, 221, 'favourite', 1, '2014-06-05 16:18:51', '2014-06-05 17:00:38', 1, NULL),
(1261, 11, 221, 'message', 1, '2014-06-05 16:49:21', '2014-06-13 14:54:27', 2, NULL),
(1271, 2, 1, 'favourite', 1, '2014-06-05 17:09:49', '2014-06-05 17:15:29', 1, NULL),
(1281, 71, 1, 'favourite', 1, '2014-06-05 17:14:28', '2014-06-05 18:21:00', 1, NULL),
(1291, 71, 9, 'message', 1, '2014-06-05 18:18:12', '2014-06-05 18:21:00', 2, NULL),
(1301, 9, 71, 'message', 1, '2014-06-05 18:21:34', '2014-06-05 18:21:53', 2, NULL),
(1311, 71, 9, 'message', 0, '2014-06-05 18:22:11', '2014-06-05 18:22:11', 2, NULL),
(1321, 2, 9, 'favourite', 1, '2014-06-05 18:26:01', '2014-06-05 20:49:00', 1, NULL),
(1331, 2, 9, 'favourite', 1, '2014-06-05 18:27:45', '2014-06-05 20:49:00', 1, NULL),
(1341, 6, 71, 'message', 1, '2014-06-05 18:50:45', '2014-06-05 18:51:01', 2, NULL),
(1351, 71, 6, 'message', 0, '2014-06-05 18:51:15', '2014-06-05 18:51:15', 2, NULL),
(1361, 6, 71, 'message', 0, '2014-06-05 18:51:25', '2014-06-05 18:51:25', 2, NULL),
(1371, 71, 6, 'message', 0, '2014-06-05 18:51:46', '2014-06-05 18:51:46', 2, NULL),
(1381, 9, 1, 'message', 1, '2014-06-06 13:00:11', '2014-06-06 18:05:04', 2, NULL),
(1391, 201, 9, 'favourite', 0, '2014-06-06 15:01:21', '2014-06-06 15:01:21', 1, NULL),
(1401, 131, 9, 'favourite', 0, '2014-06-06 15:09:03', '2014-06-06 15:09:03', 1, NULL),
(1411, 2, 9, 'message', 1, '2014-06-06 15:09:43', '2014-06-06 15:31:53', 2, NULL),
(1413, 2, 9, 'message', 1, '2014-06-06 15:11:21', '2014-06-06 15:31:59', 2, NULL),
(1421, 141, 9, 'favourite', 0, '2014-06-06 15:13:04', '2014-06-06 15:13:04', 1, NULL),
(1431, 5, 9, 'favourite', 1, '2014-06-06 15:16:32', '2014-06-10 12:36:55', 1, NULL),
(1441, 3, 231, 'favourite', 0, '2014-06-06 16:07:06', '2014-06-06 16:07:06', 1, NULL),
(1451, 9, 231, 'favourite', 1, '2014-06-06 16:09:05', '2014-06-06 18:05:04', 1, NULL),
(1461, 181, 231, 'favourite', 1, '2014-06-06 16:11:31', '2014-06-20 12:03:57', 1, NULL),
(1471, 231, 1, 'favourite', 1, '2014-06-06 16:56:19', '2014-06-06 17:10:19', 1, NULL),
(1481, 1, 231, 'favourite', 1, '2014-06-06 17:23:31', '2014-06-06 17:28:26', 1, NULL),
(1491, 9, 231, 'message', 1, '2014-06-06 17:23:48', '2014-06-06 18:05:04', 2, NULL),
(1501, 9, 231, 'message', 1, '2014-06-06 17:26:45', '2014-06-06 18:05:05', 2, NULL),
(1511, 231, 1, 'message', 1, '2014-06-06 17:27:39', '2014-06-06 17:27:53', 2, NULL),
(1521, 231, 9, 'message', 1, '2014-06-06 17:28:18', '2014-06-06 17:29:42', 2, NULL),
(1531, 1, 231, 'message', 1, '2014-06-06 18:00:05', '2014-06-09 16:33:14', 2, NULL),
(1541, 71, 2, 'favourite', 0, '2014-06-09 12:18:19', '2014-06-09 12:18:19', 1, NULL),
(1551, 1, 9, 'message', 1, '2014-06-09 14:17:00', '2014-06-09 16:33:15', 2, NULL),
(1561, 1, 9, 'message', 1, '2014-06-09 14:23:37', '2014-06-09 16:33:15', 2, NULL),
(1571, 1, 2, 'favourite', 1, '2014-06-09 15:59:41', '2014-06-09 16:33:15', 1, NULL),
(1581, 181, 2, 'message', 1, '2014-06-09 16:26:47', '2014-06-20 12:03:57', 2, NULL),
(1591, 31, 231, 'favourite', 0, '2014-06-09 17:09:56', '2014-06-09 17:09:56', 1, NULL),
(1601, 71, 231, 'favourite', 0, '2014-06-09 17:10:40', '2014-06-09 17:10:40', 1, NULL),
(1611, 1, 231, 'message', 1, '2014-06-09 17:20:14', '2014-06-09 18:43:02', 2, NULL),
(1621, 9, 2, 'message', 1, '2014-06-09 18:07:34', '2014-06-09 18:38:19', 2, NULL),
(1631, 9, 241, 'message', 1, '2014-06-09 18:17:47', '2014-06-09 18:38:19', 2, NULL),
(1641, 9, 241, 'favourite', 1, '2014-06-09 18:37:24', '2014-06-09 18:38:19', 1, NULL),
(1651, 241, 9, 'message', 0, '2014-06-09 18:42:27', '2014-06-09 18:42:27', 2, NULL),
(1661, 9, 241, 'message', 1, '2014-06-09 18:45:39', '2014-06-12 17:40:15', 2, NULL),
(1671, 5, 2, 'message', 1, '2014-06-10 11:52:37', '2014-06-10 12:36:56', 2, NULL),
(1681, 5, 2, 'message', 1, '2014-06-10 12:40:32', '2014-06-10 12:41:49', 2, NULL),
(1691, 5, 2, 'message', 1, '2014-06-10 12:54:13', '2014-06-10 13:00:57', 2, NULL),
(1701, 5, 2, 'message', 1, '2014-06-10 13:06:48', '2014-06-10 13:07:10', 2, NULL),
(1711, 5, 2, 'message', 1, '2014-06-10 13:09:22', '2014-06-10 13:09:56', 2, NULL),
(1721, 5, 2, 'message', 1, '2014-06-10 13:21:56', '2014-06-10 13:24:40', 2, NULL),
(1731, 5, 2, 'message', 1, '2014-06-10 13:26:05', '2014-06-10 13:26:57', 2, NULL),
(1741, 2, 5, 'message', 1, '2014-06-10 15:16:41', '2014-06-10 15:17:21', 2, NULL),
(1751, 2, 9, 'message', 1, '2014-06-10 16:10:28', '2014-06-10 16:18:53', 2, NULL),
(1761, 9, 251, 'favourite', 1, '2014-06-10 16:14:04', '2014-06-12 17:40:15', 1, NULL),
(1771, 181, 251, 'favourite', 1, '2014-06-10 16:14:06', '2014-06-20 12:03:58', 1, NULL),
(1781, 191, 251, 'favourite', 0, '2014-06-10 16:14:08', '2014-06-10 16:14:08', 1, NULL),
(1791, 9, 21, 'message', 1, '2014-06-10 16:30:51', '2014-06-12 17:40:15', 2, NULL),
(1801, 231, 21, 'favourite', 1, '2014-06-10 16:32:21', '2014-06-17 16:29:17', 1, NULL),
(1811, 231, 21, 'message', 1, '2014-06-10 16:32:57', '2014-06-17 16:29:17', 2, NULL),
(1821, 2, 111, 'favourite', 1, '2014-06-10 16:56:04', '2014-06-10 17:30:05', 1, NULL),
(1831, 221, 11, 'message', 0, '2014-06-13 14:54:55', '2014-06-13 14:54:55', 2, NULL),
(1841, 221, 11, 'message', 0, '2014-06-13 14:54:56', '2014-06-13 14:54:56', 2, NULL),
(1851, 221, 11, 'message', 0, '2014-06-13 14:54:59', '2014-06-13 14:54:59', 2, NULL),
(1861, 21, 11, 'message', 0, '2014-06-13 14:58:22', '2014-06-13 14:58:22', 2, NULL),
(1871, 21, 11, 'favourite', 0, '2014-06-13 14:59:59', '2014-06-13 14:59:59', 1, NULL),
(1881, 31, 11, 'favourite', 0, '2014-06-13 15:00:19', '2014-06-13 15:00:19', 1, NULL),
(1891, 21, 9, 'message', 0, '2014-06-16 00:07:42', '2014-06-16 00:07:42', 2, NULL),
(1901, 21, 9, 'message', 0, '2014-06-16 00:08:47', '2014-06-16 00:08:47', 2, NULL),
(1911, 21, 9, 'message', 0, '2014-06-16 00:09:11', '2014-06-16 00:09:11', 2, NULL),
(1921, 21, 9, 'message', 0, '2014-06-16 00:10:27', '2014-06-16 00:10:27', 2, NULL),
(1931, 9, 2, 'favourite', 1, '2014-06-16 14:30:47', '2014-06-17 12:19:36', 1, NULL),
(1941, 21, 231, 'favourite', 0, '2014-06-17 16:29:42', '2014-06-17 16:29:42', 1, NULL),
(1951, 21, 231, 'message', 0, '2014-06-17 16:30:11', '2014-06-17 16:30:11', 2, NULL),
(1961, 231, 2, 'favourite', 1, '2014-06-17 16:33:17', '2014-06-17 16:34:48', 1, NULL),
(1971, 231, 2, 'message', 1, '2014-06-17 16:34:43', '2014-06-17 16:34:48', 2, NULL),
(1981, 231, 2, 'message', 1, '2014-06-17 16:34:46', '2014-06-17 16:34:48', 2, NULL),
(1991, 231, 2, 'message', 1, '2014-06-17 16:34:47', '2014-06-17 16:34:48', 2, NULL),
(2001, 231, 2, 'message', 1, '2014-06-17 16:34:47', '2014-06-17 16:34:49', 2, NULL),
(2011, 231, 2, 'message', 1, '2014-06-17 16:34:51', '2014-06-17 16:35:34', 2, NULL),
(2021, 231, 2, 'message', 1, '2014-06-17 16:35:02', '2014-06-17 16:35:34', 2, NULL),
(2031, 231, 2, 'message', 1, '2014-06-17 16:35:02', '2014-06-17 16:35:35', 2, NULL),
(2041, 231, 2, 'message', 1, '2014-06-17 16:35:02', '2014-06-17 16:35:35', 2, NULL),
(2051, 231, 2, 'message', 1, '2014-06-17 16:35:05', '2014-06-17 16:35:35', 2, NULL),
(2061, 31, 271, 'message', 0, '2014-06-17 23:23:20', '2014-06-17 23:23:20', 2, NULL),
(2071, 31, 271, 'message', 0, '2014-06-17 23:23:22', '2014-06-17 23:23:22', 2, NULL),
(2081, 9, 2, 'message', 1, '2014-06-18 16:58:44', '2014-06-19 16:00:04', 2, NULL),
(2151, 3, 1, NULL, 0, '2014-06-18 20:49:42', '2014-06-18 20:49:42', 4, 51),
(2161, 2, 1, NULL, 1, '2014-06-18 20:49:42', '2014-06-19 12:40:32', 4, 51),
(2171, 5, 1, NULL, 0, '2014-06-18 20:49:42', '2014-06-18 20:49:42', 4, 51),
(2181, 9, 1, NULL, 1, '2014-06-18 20:49:42', '2014-06-19 16:00:04', 4, 51),
(2191, 4, 1, NULL, 0, '2014-06-18 20:49:42', '2014-06-18 20:49:42', 4, 51),
(2201, 6, 1, NULL, 0, '2014-06-18 20:55:23', '2014-06-18 20:55:23', 3, 51),
(2211, 2, 1, NULL, 1, '2014-06-19 13:04:58', '2014-06-19 13:05:17', 3, 51),
(2221, 3, 1, NULL, 0, '2014-06-19 13:05:27', '2014-06-19 13:05:27', 4, 51),
(2231, 5, 1, NULL, 0, '2014-06-19 13:05:27', '2014-06-19 13:05:27', 4, 51),
(2241, 9, 1, NULL, 1, '2014-06-19 13:05:27', '2014-06-19 16:00:04', 4, 51),
(2251, 4, 1, NULL, 0, '2014-06-19 13:05:27', '2014-06-19 13:05:27', 4, 51),
(2261, 6, 1, NULL, 0, '2014-06-19 13:05:27', '2014-06-19 13:05:27', 4, 51),
(2271, 2, 1, NULL, 1, '2014-06-19 13:05:27', '2014-06-19 13:06:35', 4, 51),
(2281, 3, 1, NULL, 0, '2014-06-19 15:55:18', '2014-06-19 15:55:18', 4, 51),
(2291, 5, 1, NULL, 0, '2014-06-19 15:55:18', '2014-06-19 15:55:18', 4, 51),
(2301, 9, 1, NULL, 1, '2014-06-19 15:55:18', '2014-06-19 16:00:05', 4, 51),
(2311, 4, 1, NULL, 0, '2014-06-19 15:55:18', '2014-06-19 15:55:18', 4, 51),
(2321, 6, 1, NULL, 0, '2014-06-19 15:55:18', '2014-06-19 15:55:18', 4, 51),
(2331, 2, 1, NULL, 1, '2014-06-19 15:55:18', '2014-06-19 15:56:43', 4, 51),
(2341, 231, 9, NULL, 0, '2014-06-19 16:03:30', '2014-06-19 16:03:30', 3, 81),
(2351, 11, 9, NULL, 0, '2014-06-19 16:03:55', '2014-06-19 16:03:55', 3, 81),
(2361, 21, 9, NULL, 0, '2014-06-19 16:04:17', '2014-06-19 16:04:17', 3, 81),
(2371, 261, 9, NULL, 0, '2014-06-19 16:04:39', '2014-06-19 16:04:39', 3, 81),
(2381, 251, 9, NULL, 0, '2014-06-19 16:05:02', '2014-06-19 16:05:02', 3, 81),
(2391, 131, 9, NULL, 0, '2014-06-19 16:05:29', '2014-06-19 16:05:29', 3, 81),
(2401, 231, 9, NULL, 0, '2014-06-19 16:05:42', '2014-06-19 16:05:42', 4, 81),
(2411, 11, 9, NULL, 0, '2014-06-19 16:05:42', '2014-06-19 16:05:42', 4, 81),
(2421, 21, 9, NULL, 0, '2014-06-19 16:05:42', '2014-06-19 16:05:42', 4, 81),
(2431, 261, 9, NULL, 0, '2014-06-19 16:05:42', '2014-06-19 16:05:42', 4, 81),
(2441, 251, 9, NULL, 0, '2014-06-19 16:05:42', '2014-06-19 16:05:42', 4, 81),
(2451, 131, 9, NULL, 0, '2014-06-19 16:05:42', '2014-06-19 16:05:42', 4, 81),
(2461, 3, 2, NULL, 0, '2014-06-19 16:09:17', '2014-06-19 16:09:17', 4, 51),
(2471, 5, 2, NULL, 0, '2014-06-19 16:09:17', '2014-06-19 16:09:17', 4, 51),
(2481, 9, 2, NULL, 1, '2014-06-19 16:09:17', '2014-06-19 16:40:49', 4, 51),
(2491, 4, 2, NULL, 0, '2014-06-19 16:09:17', '2014-06-19 16:09:17', 4, 51),
(2501, 6, 2, NULL, 0, '2014-06-19 16:09:17', '2014-06-19 16:09:17', 4, 51),
(2511, 2, 2, NULL, 1, '2014-06-19 16:09:17', '2014-06-19 16:14:19', 4, 51),
(2521, 3, 2, NULL, 0, '2014-06-19 16:22:44', '2014-06-19 16:22:44', 4, 51),
(2531, 5, 2, NULL, 0, '2014-06-19 16:22:44', '2014-06-19 16:22:44', 4, 51),
(2541, 9, 2, NULL, 1, '2014-06-19 16:22:44', '2014-06-19 16:40:49', 4, 51),
(2551, 4, 2, NULL, 0, '2014-06-19 16:22:44', '2014-06-19 16:22:44', 4, 51),
(2561, 6, 2, NULL, 0, '2014-06-19 16:22:44', '2014-06-19 16:22:44', 4, 51),
(2571, 1, 2, NULL, 1, '2014-06-19 16:25:06', '2014-06-19 16:29:52', 4, 51),
(2581, 3, 2, NULL, 0, '2014-06-19 16:25:06', '2014-06-19 16:25:06', 4, 51),
(2591, 5, 2, NULL, 0, '2014-06-19 16:25:06', '2014-06-19 16:25:06', 4, 51),
(2601, 9, 2, NULL, 1, '2014-06-19 16:25:06', '2014-06-19 16:40:49', 4, 51),
(2611, 4, 2, NULL, 0, '2014-06-19 16:25:06', '2014-06-19 16:25:06', 4, 51),
(2621, 6, 2, NULL, 0, '2014-06-19 16:25:06', '2014-06-19 16:25:06', 4, 51),
(2631, 2, 2, NULL, 1, '2014-06-19 16:25:06', '2014-06-19 16:29:34', 4, 51),
(2641, 1, 2, NULL, 1, '2014-06-19 16:29:16', '2014-06-19 16:31:48', 4, 51),
(2651, 3, 2, NULL, 0, '2014-06-19 16:29:16', '2014-06-19 16:29:16', 4, 51),
(2661, 5, 2, NULL, 0, '2014-06-19 16:29:16', '2014-06-19 16:29:16', 4, 51),
(2671, 9, 2, NULL, 1, '2014-06-19 16:29:16', '2014-06-19 16:40:49', 4, 51),
(2681, 4, 2, NULL, 0, '2014-06-19 16:29:16', '2014-06-19 16:29:16', 4, 51),
(2691, 6, 2, NULL, 0, '2014-06-19 16:29:16', '2014-06-19 16:29:16', 4, 51),
(2701, 2, 2, NULL, 1, '2014-06-19 16:29:16', '2014-06-19 16:31:11', 4, 51),
(2711, 1, 2, NULL, 1, '2014-06-19 16:31:57', '2014-06-19 16:32:54', 4, 51),
(2721, 3, 2, NULL, 0, '2014-06-19 16:31:57', '2014-06-19 16:31:57', 4, 51),
(2731, 5, 2, NULL, 0, '2014-06-19 16:31:57', '2014-06-19 16:31:57', 4, 51),
(2741, 9, 2, NULL, 1, '2014-06-19 16:31:57', '2014-06-19 16:40:50', 4, 51),
(2751, 4, 2, NULL, 0, '2014-06-19 16:31:57', '2014-06-19 16:31:57', 4, 51),
(2761, 6, 2, NULL, 0, '2014-06-19 16:31:57', '2014-06-19 16:31:57', 4, 51),
(2771, 1, 2, NULL, 1, '2014-06-19 16:32:26', '2014-06-19 16:34:01', 4, 51),
(2781, 3, 2, NULL, 0, '2014-06-19 16:32:26', '2014-06-19 16:32:26', 4, 51),
(2791, 5, 2, NULL, 0, '2014-06-19 16:32:26', '2014-06-19 16:32:26', 4, 51),
(2801, 9, 2, NULL, 1, '2014-06-19 16:32:26', '2014-06-19 16:40:50', 4, 51),
(2811, 4, 2, NULL, 0, '2014-06-19 16:32:26', '2014-06-19 16:32:26', 4, 51),
(2821, 6, 2, NULL, 0, '2014-06-19 16:32:26', '2014-06-19 16:32:26', 4, 51),
(2831, 3, 1, NULL, 0, '2014-06-19 16:34:04', '2014-06-19 16:34:04', 4, 51),
(2841, 5, 1, NULL, 0, '2014-06-19 16:34:04', '2014-06-19 16:34:04', 4, 51),
(2851, 9, 1, NULL, 1, '2014-06-19 16:34:04', '2014-06-19 16:40:50', 4, 51),
(2861, 4, 1, NULL, 0, '2014-06-19 16:34:04', '2014-06-19 16:34:04', 4, 51),
(2871, 6, 1, NULL, 0, '2014-06-19 16:34:04', '2014-06-19 16:34:04', 4, 51),
(2881, 2, 1, NULL, 1, '2014-06-19 16:34:04', '2014-06-19 16:35:13', 4, 51),
(2891, 251, 9, NULL, 0, '2014-06-19 16:42:09', '2014-06-19 16:42:09', 1, NULL),
(2901, 21, 9, NULL, 0, '2014-06-19 16:42:40', '2014-06-19 16:42:40', 1, NULL),
(2911, 261, 9, NULL, 0, '2014-06-19 16:42:45', '2014-06-19 16:42:45', 1, NULL),
(2921, 2, 9, NULL, 1, '2014-06-19 17:14:09', '2014-06-19 17:20:24', 2, NULL),
(2931, 31, 1, NULL, 0, '2014-06-20 17:05:36', '2014-06-20 17:05:36', 1, NULL),
(2941, 81, 1, NULL, 0, '2014-06-20 17:07:05', '2014-06-20 17:07:05', 1, NULL),
(2951, 181, 1, NULL, 1, '2014-06-20 17:08:03', '2014-06-26 15:51:50', 1, NULL),
(2961, 181, 1, NULL, 1, '2014-06-20 17:10:28', '2014-06-26 15:51:50', 1, NULL),
(2971, 211, 1, NULL, 0, '2014-06-20 17:16:26', '2014-06-20 17:16:26', 1, NULL),
(2981, 9, 1, NULL, 1, '2014-06-21 19:53:45', '2014-06-22 12:39:53', 2, NULL),
(2991, 9, 1, NULL, 1, '2014-06-21 19:54:43', '2014-06-22 12:39:54', 2, NULL),
(3001, 1, 361, NULL, 1, '2014-06-24 12:23:16', '2014-06-24 15:04:07', 1, NULL),
(3011, 1, 361, NULL, 1, '2014-06-24 12:24:02', '2014-06-24 15:04:08', 1, NULL),
(3021, 9, 361, NULL, 1, '2014-06-24 12:24:35', '2014-06-24 15:04:05', 1, NULL);

-- --------------------------------------------------------

--
-- Table structure for table `password_reminders`
--

CREATE TABLE IF NOT EXISTS `password_reminders` (
  `email` varchar(255) COLLATE utf8_unicode_ci NOT NULL,
  `token` varchar(255) COLLATE utf8_unicode_ci NOT NULL,
  `created_at` timestamp NOT NULL DEFAULT '0000-00-00 00:00:00',
  KEY `password_reminders_email_index` (`email`),
  KEY `password_reminders_token_index` (`token`)
) ENGINE=InnoDB DEFAULT CHARSET=utf8 COLLATE=utf8_unicode_ci;

--
-- Dumping data for table `password_reminders`
--

INSERT INTO `password_reminders` (`email`, `token`, `created_at`) VALUES
('akbarrifai@live.com', 'fa016578268c5096735de4ac584acf8507782fa3', '2014-06-04 15:29:26'),
('akbarrifai@live.com', '0506d76a763d8eebf5c8dca53b64083fad0094ea', '2014-06-04 15:33:58'),
('akbarrifai@live.com', 'c4da08dae0d8c77f5572968b16fafc3407d383c4', '2014-06-04 15:34:59'),
('akbarrifai@live.com', '020bc85892ed5499a981c6a97de26ddc77db1447', '2014-06-04 15:35:45'),
('akbarrifai@live.com', 'ed4a6af11a3171e2f0f10170349d124c7acf55eb', '2014-06-04 15:35:55'),
('akbarrifai@live.com', 'cca9398e56cbf448c7c8454fa49e6ac24f8a93d5', '2014-06-04 15:36:31'),
('akbarrifai@live.com', '0cb36f4af6f5e2d1a731ec2b948fe77305576931', '2014-06-04 15:38:46'),
('akbarrifai@live.com', '7f99fac900f04dd6fe8176b4adb011534e425961', '2014-06-04 15:42:16'),
('akbarrifai@live.com', 'c78e38ae582d17bc6b2dbc44c675fac7423fb446', '2014-06-04 15:45:00'),
('akbarrifai@live.com', '82229c7c5d1977ee5ac07ba031998be96a958ff2', '2014-06-04 15:45:06'),
('akbarrifai@live.com', '8e90cf8afa769a9664b9b93168b83d62939b005f', '2014-06-04 15:46:11'),
('akbarrifai@live.com', 'c74b26e3b73a7099b083510b10532ba2a9716f7c', '2014-06-04 15:46:16'),
('akbarrifaihakim@gmail.com', '35c3bc70f5f76b40fe905aeddf6ab0c137d61000', '2014-06-04 16:05:35'),
('akbarrifaihakim@gmail.com', '400ed50053db7d439d9a42a063d8c9ae52deca77', '2014-06-04 16:05:40'),
('akbarrifaihakim@gmail.com', '5f6d7485e928e1e22530db904efaa1e48826b1e8', '2014-06-04 16:12:20'),
('akbarrifaihakim@gmail.com', '92a9265c61188b8e824ebca83f41b97b9d59bb8e', '2014-06-04 16:12:25'),
('akbarrifaihakim@gmail.com', 'b672094e996c757b42f41fc2d1d6ef1538aacfb5', '2014-06-04 16:14:51'),
('akbarrifai@live.com', '60e118295dbd6c3323d109f0457ffc53e23cdfdc', '2014-06-05 03:36:16'),
('akbarrifai@live.com', 'ad48edd624e3cf48c3eb4cb252ebdaad344384bb', '2014-06-05 03:38:36'),
('akbarrifai@live.com', 'ee552ef978df82d0c728b6c97fa89280da345edb', '2014-06-05 03:42:36'),
('fajri@itechspark.com', '1c69d8c9870138f38311e2eaea48f8746e0c98a3', '2014-06-09 17:06:03'),
('fajri@itechspark.com', '23195862619a6eba3593de131270be46bd865d76', '2014-06-09 17:06:35'),
('akbarrifaihakim@gmail.com', '5aad43b70b30bfa1a6259fca129fcb8b62d1b786', '2014-06-10 12:19:59'),
('akbarrifaihakim@gmail.com', 'e7413e83229d4820fa5f4e5591f2bed409864665', '2014-06-10 12:22:35'),
('akbar@itechspark.com.my', '0d70e28b0bd535c363289194767dcb46422c6bfe', '2014-06-10 12:24:25'),
('akbarrifai@live.com', '4e40e37e4adea90b2730b8ec3f303e3e7f8ca22e', '2014-06-10 12:26:42'),
('akbarrifai@live.com', '11a3fa55d4c4b1bfd11bfc34e95a034966c61032', '2014-06-10 12:28:12'),
('akbarrifai@live.com', '3b0f0a83968e81cbc035a26459da5b6fe59a827a', '2014-06-10 12:28:38'),
('akbarrifai@live.com', '44b11ee5855fca79a8f485ca92b467916fb3ba06', '2014-06-10 12:31:29'),
('akbarrifai@live.com', '5b2635096ac54ec2ec15c48dbdb79ed3681a4ff6', '2014-06-10 12:32:51'),
('huoysan@itechspark.com', '83d37e1388d5297a22649b3b9739229dd49fe315', '2014-06-10 16:21:25'),
('akbar@itechspark.com.my', 'a3099e13fd846c11db3d27844b095316ae20eb59', '2014-06-10 16:25:10'),
('huoysan@itechspark.com', 'dfc28a4b9179b5c4d9eb98d2b3b631b6e9b87917', '2014-06-10 16:26:02'),
('akbarrifaihakim@gmail.com', 'a6a1c85e45d84f6cab0d3552c8a88e0cf7b07c20', '2014-06-17 12:35:11'),
('akbarrifai@live.com', 'ecc381522bf11abffe819f9e651488277dbb2982', '2014-06-17 13:00:44'),
('fajri@itechspark.com', 'a46527b6a61d842f2fcf330ef805ac39a4eb2423', '2014-06-17 14:12:31'),
('akbarrifai@live.com', 'af89456e06bac27ec672affb4c9a6911b9563f68', '2014-06-17 16:25:42'),
('akbarrifai@live.com', '4329c27ac99b8e6d2d829b5271419531eec5b208', '2014-06-17 16:28:56'),
('akbarrifai@live.com', 'e7ae9348a34dc180034adb1a9b8f6d1ec1db194a', '2014-07-22 13:01:08');

-- --------------------------------------------------------

--
-- Table structure for table `users`
--

CREATE TABLE IF NOT EXISTS `users` (
  `id` int(10) unsigned NOT NULL AUTO_INCREMENT,
  `first_name` varchar(255) COLLATE utf8_unicode_ci NOT NULL,
  `middle_name` varchar(255) COLLATE utf8_unicode_ci DEFAULT NULL,
  `last_name` varchar(255) COLLATE utf8_unicode_ci DEFAULT NULL,
  `gender` varchar(255) COLLATE utf8_unicode_ci DEFAULT NULL,
  `email` varchar(255) COLLATE utf8_unicode_ci NOT NULL,
  `password` varchar(64) COLLATE utf8_unicode_ci NOT NULL,
  `date_of_birth` date DEFAULT NULL,
  `country_of_origin` varchar(255) COLLATE utf8_unicode_ci DEFAULT NULL,
  `major` varchar(255) COLLATE utf8_unicode_ci DEFAULT NULL,
  `looking_for` varchar(255) COLLATE utf8_unicode_ci DEFAULT NULL,
  `img_path` varchar(255) COLLATE utf8_unicode_ci DEFAULT NULL,
  `created_at` timestamp NOT NULL DEFAULT '0000-00-00 00:00:00',
  `updated_at` timestamp NOT NULL DEFAULT '0000-00-00 00:00:00',
  PRIMARY KEY (`id`),
  UNIQUE KEY `users_email_unique` (`email`)
) ENGINE=InnoDB  DEFAULT CHARSET=utf8 COLLATE=utf8_unicode_ci AUTO_INCREMENT=362 ;

--
-- Dumping data for table `users`
--

INSERT INTO `users` (`id`, `first_name`, `middle_name`, `last_name`, `gender`, `email`, `password`, `date_of_birth`, `country_of_origin`, `major`, `looking_for`, `img_path`, `created_at`, `updated_at`) VALUES
(1, 'Bruce', '', 'Wayne', 'male', 'bruce@wayne.com', '$2y$10$5tmGUu8YGxhfocS91Z3NbuOabVOXIC14dno1JXzcvwTRfV6aaPOVS', '1971-11-11', '237', 'software engineering', 'Partners', 'uploads/images/bruce-wayne.jpg', '0000-00-00 00:00:00', '2014-06-20 17:11:30'),
(2, 'Clark', 'Luthor', 'Kent', 'male', 'clark@kent.com', '$2y$10$0HFEa85tGL8Ssq01O4wKE.W40nhkHziO8J0cVc3ppT9BLsK08Vyxm', '1966-11-11', '147', 'software engineering', 'Lois Lane', 'uploads/images/clark_kent.jpg', '0000-00-00 00:00:00', '2014-06-04 16:58:32'),
(3, 'Peter', NULL, 'Parker', 'Male', 'peter@parker.com', '$2y$10$Z7B.G0smEiz/jHagucaK.O7pHOO5V1cu7/m1eVr7IYPLQS.8OWtCa', '1981-11-11', '53', 'software construction', 'friend', 'uploads/images/peter-peter-parker-23094911-496-585.jpg', '0000-00-00 00:00:00', '2014-06-10 16:33:04'),
(4, 'Scott', NULL, 'Summer', 'Male', 'scott@summer.com', '$2y$10$hSO.wyxNY2LeiSmzvNgNB.OETfSqlv3wrS.NCJZqduXHBUqerS9se', '1978-11-11', '60', 'engineering construction', 'boyfriend', 'uploads/images/X-Men3-Cyclops-007.jpg', '0000-00-00 00:00:00', '2014-06-10 16:31:53'),
(5, 'Charles', NULL, 'Xavier', 'Male', 'charles@xavier.com', '$2y$10$i5Y788pTvItzRYO1StkH2umMVSSVgLxVSuXschqo4xqjc2UriLTD.', '1988-11-11', '138', 'Management System', 'girlfriend', 'uploads/images/Old_Xavier_DoFP.jpg', '0000-00-00 00:00:00', '2014-06-10 16:30:56'),
(6, 'Jean', NULL, 'Grey', 'Female', 'jean@grey.com', '$2y$10$0SA.tVXhm2Gfaja4S7J8/eQpy9vbv5Pc0f0UsV/PqXls2ACC3pBs6', '1988-02-11', '154', 'Content Management System', 'boyfriend', 'uploads/images/default.png', '0000-00-00 00:00:00', '0000-00-00 00:00:00'),
(7, 'Tony', NULL, 'Stark', 'Male', 'tony@stark.com', '$2y$10$xHa0qTQfQLYsnOziOudaXuPeVN1JgXbVm7Sy8o8EXCbrhI9MACcZ2', '1980-11-11', '154', 'Banking System', 'Wife', 'uploads/images/default.png', '0000-00-00 00:00:00', '0000-00-00 00:00:00'),
(8, 'Lex', NULL, 'Luthor', 'Male', 'lex@luthor.com', '$2y$10$QWZ.wEVg/ZBGRWe7wCav8utjxGJD6NND41s52bPGHG1mZBgF4pxwy', '1968-11-11', '40', 'Construction System', 'Dad', 'uploads/images/default.png', '0000-00-00 00:00:00', '0000-00-00 00:00:00'),
(9, 'Akbar', '', 'Rifai', 'male', 'akbar@itechspark.com.my', '$2y$10$A3yh7Znu35C02yilnIyGJOyAhjDxO24tlqP80zCTPtPoRESwZOD5u', '1991-09-10', '105', 'PHP Programming', 'Tutor, Friends, Partners', 'uploads/images/6.jpeg', '2014-05-28 23:26:33', '2014-06-04 18:23:21'),
(11, 'Mei Ling', '', 'Liew', 'male', 'Meiling@itechspark.com', '$2y$10$N2k.v9sZeqJJFRn3Bi6KnONo3S6cWTtStHXw0i6pUitzQRU33Gp9e', '1991-07-27', '137', 'Management', 'IT and management', 'uploads/images/default.png', '2014-05-29 11:40:48', '2014-06-03 04:15:07'),
(21, 'HuoySan', NULL, 'cheam', NULL, 'Huoysan@itechspark.com.my', '$2y$10$6TZ8lxsU51U6EUTsrm905.io4jigdM5dGsyeWyM6e4NnMtr.CNNp.', NULL, '137', 'Programming', 'IT Project', 'uploads/images/default.png', '2014-05-29 11:43:04', '2014-06-12 17:45:29'),
(31, 'Kaveh', NULL, 'Aidivandi', NULL, 'kaveh@itechspark.com.my', '$2y$10$p0025s2jn18MThwT0FIYZOO7C8agiB5sa1qXGoBA2iIrynJ.yJswS', NULL, '107', 'Programming', 'Partner', 'uploads/images/default.png', '2014-05-30 06:31:00', '2014-05-30 06:31:00'),
(51, 'Lum', NULL, 'Wai', NULL, 'kawai@itechspark.com.my', '$2y$10$sW/zDIKGj4n9yRuxTq01v.KWkYLA5MpUN8NUcuC8IiKMIXZdXoQG2', NULL, '137', 'Web Design', 'Friends', 'uploads/images/default.png', '2014-05-30 06:32:15', '2014-05-30 06:32:15'),
(61, 'Liew', NULL, 'Ling', NULL, 'meiling@itechspark.com.my', '$2y$10$Ox49ttiyvW0vj3y7L.Shdesgx.RIc1eTvYsVggg9p.2zb3VbOfP/m', NULL, '137', 'Director of Satisfaction', 'Partners', 'uploads/images/default.png', '2014-05-30 06:34:45', '2014-05-30 06:34:45'),
(71, 'Masoud', '', 'Ghorbanian', 'male', 'masoud@itechspark.com.my', '$2y$10$4tb8LNkHeWtFbkAKXwf3xeI2pab/u4.xSSgJsZs0aBooXezA0nz0u', '2014-06-30', '137', 'Programming', 'Friends', 'uploads/images/masoud.jpg', '2014-05-30 06:36:18', '2014-06-10 16:38:38'),
(81, 'Saarang', NULL, 'Soltani', NULL, 'saarang@itechspark.com.my', '$2y$10$7VieTvy1DB1VJL7rTdJqA.fyiFo5gsabUwXmZ/DODerfIbuaXFQ8C', NULL, '107', 'Programming', 'Partners', 'uploads/images/default.png', '2014-05-30 06:37:09', '2014-05-30 06:37:09'),
(101, 'Poison', '', 'Ivy', 'female', 'poison@ivy.com', '$2y$10$Ee4bW4N4FOOrwxOrsXrqF.9wpHZR2W5MS/5R.FbLgYXlxqldIHRTe', '2014-05-28', '244', 'Florist', 'Partners', 'uploads/images/default.png', '2014-05-30 07:18:37', '2014-05-30 07:57:03'),
(111, 'Jimmy', NULL, 'Johnson', 'male', 'jimmy@johnson.com', '$2y$10$S5OJRAGLHYM6AMvWte.Poe0zLUtcng8JHAiupJerzIe5HDjyCT.Qe', NULL, '120', 'Race Driver', 'Sponsors', 'uploads/images/nscs_jimmie_johnson.png.main.png', '2014-05-30 07:23:22', '2014-06-10 16:40:22'),
(121, 'Davide', '', 'Giugliano', 'male', 'davide@guilliano.com', '$2y$10$yiEnWs6LPke3tGVgbwpxR..v0DQmYfpaojuf6FQK74zil.0G0lB5.', '1987-05-07', '111', 'Superbike Rider', 'Sponsors', 'uploads/images/PA1503128.jpg', '2014-05-30 08:21:36', '2014-06-10 16:42:08'),
(131, 'Spencer', NULL, 'Lim', NULL, 'spencerlim@itechspark.com', '$2y$10$CKq.Y6lskc7cAunOP1vfkumkLNOkYy5qaGyztZ5Yuj3SpNSeD3D8q', NULL, '137', 'Business', 'New Business Development', 'uploads/images/default.png', '2014-05-30 10:58:42', '2014-05-30 10:58:42'),
(141, 'Lingesh', NULL, 'Thayala', NULL, 'lingesh88@hotmail.com', '$2y$10$0WIZwn9Wjk68mtWQhey1Mut759Kl7nZMkKph6KcD3Nkp77N0fmHAi', NULL, '137', 'Economics', 'I dont know', 'uploads/images/default.png', '2014-06-01 16:10:07', '2014-06-01 16:10:07'),
(181, 'Akbar', NULL, 'Rifai', 'male', 'akbarrifai@live.com', '$2y$10$u8w8zOAX1gukUMVi.au51eHkIFgDzi0lfSQfYX.s7GkPuQpWXsk76', NULL, '105', 'Business', 'Business', 'uploads/images/akbarrifailive.com.png', '2014-06-04 15:27:35', '2014-06-20 11:54:14'),
(191, 'Akbar', NULL, 'Rifai', NULL, 'akbarrifaihakim@gmail.com', '$2y$10$gbZFlDY5S6yg7jjbbO7tTOk/Cxap6IRYovKnHNLHchEuERO2iSCFO', NULL, '111', 'Business', 'Business', 'uploads/images/default.png', '2014-06-04 16:04:39', '2014-06-17 12:46:25'),
(201, 'Dito', NULL, 'Baskoro', NULL, 'dito.anwar@yahoo.com', '$2y$10$GAFMREuz1JV.Ez5QJZADSuRgtyfs0MRBaCOb5Zixru1XgKZFHaWDC', NULL, '105', 'Telecomunication', 'Business Partner', 'uploads/images/default.png', '2014-06-05 12:28:00', '2014-06-05 12:28:00'),
(211, 'Richard', NULL, 'Grayson', NULL, 'dick@grayson.com', '$2y$10$9tyzfIhq1ciJgws5EaPdIOzBe7ZPoLdp0muj6JjGONETcpmmwuCi.', NULL, '252', 'Librarian', 'Friends', 'uploads/images/default.png', '2014-06-05 15:23:19', '2014-06-05 15:23:19'),
(221, 'Lois', 'Dana', 'Lane', 'male', 'lois@lane.com', '$2y$10$3uJcZE8xsOdHU.xXhRhQkO2UJRf2.xJGJs84IGhGosRFMwYWrsgrK', '1971-11-15', '77', 'Journalism', 'Friends', 'uploads/images/default.png', '2014-06-05 15:27:26', '2014-06-05 15:34:37'),
(231, 'Aulia', NULL, 'Fajri', NULL, 'fajri@itechspark.com', '$2y$10$bOVJ0jLqNxVBvF724ISPzeHDmc4AE2SylszH0fkgL6MwVmXyjJMyS', NULL, '77', 'Project Management', 'Business Partner', 'uploads/images/default.png', '2014-06-06 16:04:00', '2014-06-17 16:28:45'),
(241, 'Kimi', NULL, 'Raikkonen', 'male', 'kimi@raikkonen.com', '$2y$10$9zuDnps6VSu8IxJuByNb8umvipjuSjyx7VjtCRsyl.nfd4QyaWeS6', NULL, '76', 'Formula One Driver', 'Teams', 'uploads/images/200px-Kimi_Raikkonen_2008_(square).jpg', '2014-06-09 18:15:33', '2014-06-10 16:36:27'),
(251, 'Chua', NULL, 'Chin Shan', 'male', 'chinshan@itechspark.com.my', '$2y$10$SB7hYGZHRiAYtPAcSh/ukekUXJ2KJMlE0htqNy/1SwspCN1S8e9Hu', '1990-12-17', '137', 'Software Engineering', 'Business Partner', 'uploads/images/default.png', '2014-06-10 16:12:17', '2014-06-10 16:14:58'),
(261, 'san', NULL, 'cheam', NULL, 'huoysan@itechspark.com', '$2y$10$IUyH5KkrWG/UGQHvTgUYOO/a3Sd3AIhT4yuIb9Ia8Gqrw4xdAhqDq', NULL, '137', 'it', 'business colleagues', 'uploads/images/default.png', '2014-06-10 16:19:07', '2014-06-10 16:19:07'),
(271, 'Djoann', NULL, 'Fal', NULL, 'djoann.fal@gmail.com', '$2y$10$Xxz72rsKQLrZCElLGsOmteWZ.NaNGwx5UA0R0TnrN7vzC4Y7tjzDq', NULL, '77', 'Entrepreneurship', 'Business Emplyees', 'uploads/images/default.png', '2014-06-16 16:20:57', '2014-06-16 16:20:57'),
(281, 'Djoann', NULL, 'Fal', NULL, 'djoann.fal@lazada.com', '$2y$10$8ILjoeNJbkBDX0ESAtbmL.w4plA9wIqJACQUKwqN/SHGSlR8gwOKe', NULL, '77', 'entrepreneurship', 'Co founders', 'uploads/images/default.png', '2014-06-16 16:23:30', '2014-06-16 16:23:30'),
(291, 'Edouard', NULL, 'Foussier', NULL, 'edouardfoussier@gmail.com', '$2y$10$WXxZDSKrv5fU8FyXPs5/T.DbCzR.1Y0FZ3quh3coCWkLegGwA9uE2', NULL, '137', 'Business', '?', 'uploads/images/default.png', '2014-06-16 16:29:02', '2014-06-16 16:29:02'),
(301, 'Tom', NULL, 'Hanks', NULL, 'tom@hanks.com', '$2y$10$kFLp4G4BBishDURsxk2Ui.Mrpz6E2qamTKVuPIk0EKFPMRgKuhk2S', NULL, '237', 'Business', 'Partner', 'uploads/images/default.png', '2014-06-18 12:00:53', '2014-06-18 12:00:53'),
(311, 'Valentino', NULL, 'Rossi', 'male', 'valentino@rossi.com', '$2y$10$NbmBrxEEjQOMf9kghnzHcOY7mw6kFH1y.vIBMrG.cGnXFRBv6G1Wa', NULL, '111', 'Motogp Rider', 'Sponsors', 'uploads/images/default.png', '2014-06-18 12:22:19', '2014-06-18 12:46:45'),
(321, 'whatsmyageagain', NULL, 'Cash', NULL, 'ludovic.sinet@gmail.com', '$2y$10$.5TEJTl.GcWx/mdqT3zDOON39B84GIdI0qAWGrpJYy70WAEYUhp/6', NULL, '77', '', '', 'uploads/images/default.png', '2014-06-19 20:15:28', '2014-06-19 20:15:28'),
(331, 'Tom', NULL, 'Sykes', NULL, 'tom@sykes.com', '$2y$10$BMZCzfCJZPYf4rILMVyRFOUIgVFQuD7ID9PC8O7BhmJkvO.Cqo.5W', NULL, '236', 'Superbike Rider', 'Sponsors', 'uploads/images/default.png', '2014-06-23 17:43:29', '2014-06-23 17:43:29'),
(341, 'Burger', NULL, 'King', NULL, 'king@burger.com', '$2y$10$tgOud33VrNE1jCC70hNTiew4FUsc7/0R0e7JJiFtlhL1rq4eJXIiu', NULL, '236', 'Fast Food', 'Partners', 'uploads/images/default.png', '2014-06-23 17:47:06', '2014-06-23 17:47:06'),
(351, 'Takuya', NULL, '', NULL, 'takuya@kimura.com', '$2y$10$TiZo0XvBVXodlVF6kv7gW.Ha6nNL9qRxzGxV7CAYxyBjmWQYPSKra', NULL, '113', '', '', 'uploads/images/default.png', '2014-06-23 17:50:16', '2014-06-23 17:50:16'),
(361, 'Tuesday', 'Daily', 'Test', 'male', 'tuesday@test.com', '$2y$10$rUWkI4MnqIrgWw87Yy8jcurtovPaJLRzcvEEzStYSsEr9N.Fy9UOa', '1991-09-09', '137', 'Test', 'Bugs', 'uploads/images/default.png', '2014-06-24 12:18:15', '2014-06-24 12:22:09');

/*!40101 SET CHARACTER_SET_CLIENT=@OLD_CHARACTER_SET_CLIENT */;
/*!40101 SET CHARACTER_SET_RESULTS=@OLD_CHARACTER_SET_RESULTS */;
/*!40101 SET COLLATION_CONNECTION=@OLD_COLLATION_CONNECTION */;
